[INFO] Scanning for projects...
[INFO] 
[INFO] ---------------------< com.odop.root:odop-project >---------------------
[INFO] Building odop-project 1.0.0
[INFO]   from pom.xml
[INFO] --------------------------------[ jar ]---------------------------------
[INFO] 
[INFO] >>> spring-boot:3.2.0:run (default-cli) > test-compile @ odop-project >>>
[INFO] 
[INFO] --- resources:3.3.1:resources (default-resources) @ odop-project ---
[INFO] Copying 2 resources from src\main\resources to target\classes
[INFO] Copying 9 resources from src\main\resources to target\classes
[INFO] 
[INFO] --- compiler:3.11.0:compile (default-compile) @ odop-project ---
[INFO] Changes detected - recompiling the module! :source
[INFO] Compiling 281 source files with javac [debug release 17] to target\classes
[INFO] /C:/Users/lenovo/Drive D/Eclipse Java Programs/Advance/ODOP/src/main/java/com/odop/root/controller/CartController.java: C:\Users\lenovo\Drive D\Eclipse Java Programs\Advance\ODOP\src\main\java\com\odop\root\controller\CartController.java uses or overrides a deprecated API.
[INFO] /C:/Users/lenovo/Drive D/Eclipse Java Programs/Advance/ODOP/src/main/java/com/odop/root/controller/CartController.java: Recompile with -Xlint:deprecation for details.
[INFO] 
[INFO] --- resources:3.3.1:testResources (default-testResources) @ odop-project ---
[INFO] skip non existing resourceDirectory C:\Users\lenovo\Drive D\Eclipse Java Programs\Advance\ODOP\src\test\resources
[INFO] 
[INFO] --- compiler:3.11.0:testCompile (default-testCompile) @ odop-project ---
[INFO] Changes detected - recompiling the module! :dependency
[INFO] Compiling 1 source file with javac [debug release 17] to target\test-classes
[INFO] 
[INFO] <<< spring-boot:3.2.0:run (default-cli) < test-compile @ odop-project <<<
[INFO] 
[INFO] 
[INFO] --- spring-boot:3.2.0:run (default-cli) @ odop-project ---
[INFO] Attaching agents: []
SLF4J: Class path contains multiple SLF4J providers.
SLF4J: Found provider [ch.qos.logback.classic.spi.LogbackServiceProvider@33e5ccce]
SLF4J: Found provider [org.apache.logging.slf4j.SLF4JServiceProvider@5a42bbf4]
SLF4J: See https://www.slf4j.org/codes.html#multiple_bindings for an explanation.
SLF4J: Actual provider is of type [ch.qos.logback.classic.spi.LogbackServiceProvider@33e5ccce]

  .   ____          _            __ _ _
 /\\ / ___'_ __ _ _(_)_ __  __ _ \ \ \ \
( ( )\___ | '_ | '_| | '_ \/ _` | \ \ \ \
 \\/  ___)| |_)| | | | | || (_| |  ) ) ) )
  '  |____| .__|_| |_|_| |_\__, | / / / /
 =========|_|==============|___/=/_/_/_/
 :: Spring Boot ::                (v3.2.0)

2026-02-15T12:23:55.796+05:30  INFO 26728 --- [ODOP] [           main] com.odop.root.OdopApplication            : Starting OdopApplication using Java 17.0.16 with PID 26728 (C:\Users\lenovo\Drive D\Eclipse Java Programs\Advance\ODOP\target\classes started by lenovo in C:\Users\lenovo\Drive D\Eclipse Java Programs\Advance\ODOP)
2026-02-15T12:23:55.798+05:30  INFO 26728 --- [ODOP] [           main] com.odop.root.OdopApplication            : No active profile set, falling back to 1 default profile: "default"
2026-02-15T12:23:56.598+05:30  INFO 26728 --- [ODOP] [           main] .s.d.r.c.RepositoryConfigurationDelegate : Bootstrapping Spring Data MongoDB repositories in DEFAULT mode.
2026-02-15T12:23:56.793+05:30  INFO 26728 --- [ODOP] [           main] .s.d.r.c.RepositoryConfigurationDelegate : Finished Spring Data repository scanning in 191 ms. Found 44 MongoDB repository interfaces.
2026-02-15T12:23:57.852+05:30  INFO 26728 --- [ODOP] [           main] o.s.b.w.embedded.tomcat.TomcatWebServer  : Tomcat initialized with port 50982 (http)
2026-02-15T12:23:57.862+05:30  INFO 26728 --- [ODOP] [           main] o.apache.catalina.core.StandardService   : Starting service [Tomcat]
2026-02-15T12:23:57.863+05:30  INFO 26728 --- [ODOP] [           main] o.apache.catalina.core.StandardEngine    : Starting Servlet engine: [Apache Tomcat/10.1.16]
2026-02-15T12:23:58.086+05:30  INFO 26728 --- [ODOP] [           main] o.a.c.c.C.[Tomcat].[localhost].[/]       : Initializing Spring embedded WebApplicationContext
2026-02-15T12:23:58.087+05:30  INFO 26728 --- [ODOP] [           main] w.s.c.ServletWebServerApplicationContext : Root WebApplicationContext: initialization completed in 2221 ms
2026-02-15T12:23:58.233+05:30  INFO 26728 --- [ODOP] [           main] org.mongodb.driver.client                : MongoClient with metadata {"driver": {"name": "mongo-java-driver|sync|spring-boot", "version": "4.11.1"}, "os": {"type": "Windows", "name": "Windows 11", "architecture": "amd64", "version": "10.0"}, "platform": "Java/Eclipse Adoptium/17.0.16+8"} created with settings MongoClientSettings{readPreference=primary, writeConcern=WriteConcern{w=null, wTimeout=null ms, journal=null}, retryWrites=true, retryReads=true, readConcern=ReadConcern{level=null}, credential=null, transportSettings=null, streamFactoryFactory=null, commandListeners=[], codecRegistry=ProvidersCodecRegistry{codecProviders=[ValueCodecProvider{}, BsonValueCodecProvider{}, DBRefCodecProvider{}, DBObjectCodecProvider{}, DocumentCodecProvider{}, CollectionCodecProvider{}, IterableCodecProvider{}, MapCodecProvider{}, GeoJsonCodecProvider{}, GridFSFileCodecProvider{}, Jsr310CodecProvider{}, JsonObjectCodecProvider{}, BsonCodecProvider{}, EnumCodecProvider{}, com.mongodb.client.model.mql.ExpressionCodecProvider@63d677f5, com.mongodb.Jep395RecordCodecProvider@71d55b7e, com.mongodb.KotlinCodecProvider@2997ddfc]}, loggerSettings=LoggerSettings{maxDocumentLength=1000}, clusterSettings={hosts=[localhost:27017], srvServiceName=mongodb, mode=SINGLE, requiredClusterType=UNKNOWN, requiredReplicaSetName='null', serverSelector='null', clusterListeners='[]', serverSelectionTimeout='30000 ms', localThreshold='15 ms'}, socketSettings=SocketSettings{connectTimeoutMS=10000, readTimeoutMS=0, receiveBufferSize=0, proxySettings=ProxySettings{host=null, port=null, username=null, password=null}}, heartbeatSocketSettings=SocketSettings{connectTimeoutMS=10000, readTimeoutMS=10000, receiveBufferSize=0, proxySettings=ProxySettings{host=null, port=null, username=null, password=null}}, connectionPoolSettings=ConnectionPoolSettings{maxSize=100, minSize=0, maxWaitTimeMS=120000, maxConnectionLifeTimeMS=0, maxConnectionIdleTimeMS=0, maintenanceInitialDelayMS=0, maintenanceFrequencyMS=60000, connectionPoolListeners=[], maxConnecting=2}, serverSettings=ServerSettings{heartbeatFrequencyMS=10000, minHeartbeatFrequencyMS=500, serverListeners='[]', serverMonitorListeners='[]'}, sslSettings=SslSettings{enabled=false, invalidHostNameAllowed=false, context=null}, applicationName='null', compressorList=[], uuidRepresentation=JAVA_LEGACY, serverApi=null, autoEncryptionSettings=null, dnsClient=null, inetAddressResolver=null, contextProvider=null}
2026-02-15T12:23:58.339+05:30  INFO 26728 --- [ODOP] [localhost:27017] org.mongodb.driver.cluster               : Monitor thread successfully connected to server with description ServerDescription{address=localhost:27017, type=STANDALONE, state=CONNECTED, ok=true, minWireVersion=0, maxWireVersion=27, maxDocumentSize=16777216, logicalSessionTimeoutMinutes=30, roundTripTimeNanos=27652200}
2026-02-15T12:23:59.437+05:30  WARN 26728 --- [ODOP] [           main] com.odop.root.config.CloudinaryConfig    : ?? Cloudinary not configured. Image uploads will work in DEMO MODE (local storage)
2026-02-15T12:23:59.438+05:30  WARN 26728 --- [ODOP] [           main] com.odop.root.config.CloudinaryConfig    :    To enable cloud uploads, add Cloudinary credentials to application.yml:
2026-02-15T12:23:59.438+05:30  WARN 26728 --- [ODOP] [           main] com.odop.root.config.CloudinaryConfig    :    cloudinary:
2026-02-15T12:23:59.438+05:30  WARN 26728 --- [ODOP] [           main] com.odop.root.config.CloudinaryConfig    :      cloud-name: YOUR_CLOUD_NAME
2026-02-15T12:23:59.438+05:30  WARN 26728 --- [ODOP] [           main] com.odop.root.config.CloudinaryConfig    :      api-key: YOUR_API_KEY
2026-02-15T12:23:59.438+05:30  WARN 26728 --- [ODOP] [           main] com.odop.root.config.CloudinaryConfig    :      api-secret: YOUR_API_SECRET
2026-02-15T12:23:59.650+05:30  WARN 26728 --- [ODOP] [           main] com.odop.root.config.TwilioConfig        : Twilio credentials not configured. SMS functionality will be disabled.
2026-02-15T12:23:59.898+05:30  INFO 26728 --- [ODOP] [           main] com.odop.root.config.RazorpayConfig      : Initializing Razorpay client with Key ID: rzp_live_S2e...
2026-02-15T12:24:00.999+05:30  INFO 26728 --- [ODOP] [           main] o.s.s.web.DefaultSecurityFilterChain     : Will secure any request with [org.springframework.security.web.session.DisableEncodeUrlFilter@220cda54, org.springframework.security.web.context.request.async.WebAsyncManagerIntegrationFilter@39109603, org.springframework.security.web.context.SecurityContextHolderFilter@3703a400, org.springframework.security.web.header.HeaderWriterFilter@6cd6698b, org.springframework.web.filter.CorsFilter@4d3990a5, org.springframework.security.web.authentication.logout.LogoutFilter@22846a1d, com.odop.root.filter.JwtRequestFilter@3041beb3, org.springframework.security.web.savedrequest.RequestCacheAwareFilter@2336d3f, org.springframework.security.web.servletapi.SecurityContextHolderAwareRequestFilter@7f5ecada, org.springframework.security.web.authentication.AnonymousAuthenticationFilter@18df26a1, org.springframework.security.web.session.SessionManagementFilter@3945886e, org.springframework.security.web.access.ExceptionTranslationFilter@799cf32d, org.springframework.security.web.access.intercept.AuthorizationFilter@53b907d9]
2026-02-15T12:24:01.250+05:30  INFO 26728 --- [ODOP] [           main] o.s.b.w.embedded.tomcat.TomcatWebServer  : Tomcat started on port 50982 (http) with context path ''
2026-02-15T12:24:01.251+05:30  INFO 26728 --- [ODOP] [           main] o.s.m.s.b.SimpleBrokerMessageHandler     : Starting...
2026-02-15T12:24:01.252+05:30  INFO 26728 --- [ODOP] [           main] o.s.m.s.b.SimpleBrokerMessageHandler     : BrokerAvailabilityEvent[available=true, SimpleBrokerMessageHandler [org.springframework.messaging.simp.broker.DefaultSubscriptionRegistry@69dc7b24]]
2026-02-15T12:24:01.253+05:30  INFO 26728 --- [ODOP] [           main] o.s.m.s.b.SimpleBrokerMessageHandler     : Started.
2026-02-15T12:24:01.262+05:30  INFO 26728 --- [ODOP] [           main] com.odop.root.OdopApplication            : Started OdopApplication in 5.903 seconds (process running for 6.323)
2026-02-15T12:24:01.272+05:30 DEBUG 26728 --- [ODOP] [           main] o.s.data.mongodb.core.MongoTemplate      : Executing count: {} in collection: admins
2026-02-15T12:24:01.276+05:30 DEBUG 26728 --- [ODOP] [MessageBroker-1] o.s.d.m.r.query.MongoQueryCreator        : Created query Query: { "expiresAt" : { "$lt" : { "$java" : 2026-02-14T12:24:01.265345700 } } }, Fields: {}, Sort: {}
2026-02-15T12:24:01.287+05:30 DEBUG 26728 --- [ODOP] [MessageBroker-1] o.s.data.mongodb.core.MongoTemplate      : Remove using query: { "expiresAt" : { "$lt" : { "$date" : "2026-02-14T06:54:01.265Z"}}} in collection: otps.
2026-02-15T12:24:01.323+05:30  INFO 26728 --- [ODOP] [MessageBroker-1] com.odop.root.services.OtpService        : Cleaned up expired OTPs older than 24 hours
2026-02-15T12:24:01.323+05:30  INFO 26728 --- [ODOP] [           main] com.odop.root.config.DataSeeder          : Database already contains data. Skipping seeding.
2026-02-15T12:24:01.324+05:30  INFO 26728 --- [ODOP] [           main] c.o.r.services.DataInitializerService    : Running user migration to fix missing roles...
2026-02-15T12:24:01.328+05:30 DEBUG 26728 --- [ODOP] [           main] o.s.data.mongodb.core.MongoTemplate      : find using query: {} fields: Document{{}} for class: class com.odop.root.models.Vendor in collection: vendors
2026-02-15T12:24:01.369+05:30 DEBUG 26728 --- [ODOP] [           main] o.s.data.mongodb.core.MongoTemplate      : find using query: {} fields: Document{{}} for class: class com.odop.root.models.Customer in collection: customers
2026-02-15T12:24:01.380+05:30 DEBUG 26728 --- [ODOP] [           main] o.s.data.mongodb.core.MongoTemplate      : find using query: {} fields: Document{{}} for class: class com.odop.root.models.Admin in collection: admins
2026-02-15T12:24:01.386+05:30  INFO 26728 --- [ODOP] [           main] c.o.r.services.DataInitializerService    : Migration complete: No users needed fixing.
2026-02-15T12:24:01.386+05:30  INFO 26728 --- [ODOP] [           main] c.o.r.services.DataInitializerService    : Checking data initialization requirements...
2026-02-15T12:24:01.386+05:30 DEBUG 26728 --- [ODOP] [           main] o.s.data.mongodb.core.MongoTemplate      : Executing count: {} in collection: admins
2026-02-15T12:24:01.388+05:30 DEBUG 26728 --- [ODOP] [           main] o.s.data.mongodb.core.MongoTemplate      : Executing count: {} in collection: categories
2026-02-15T12:24:01.392+05:30 DEBUG 26728 --- [ODOP] [           main] o.s.data.mongodb.core.MongoTemplate      : Executing count: {} in collection: vendors
2026-02-15T12:24:01.395+05:30 DEBUG 26728 --- [ODOP] [           main] o.s.data.mongodb.core.MongoTemplate      : Executing count: {} in collection: products
2026-02-15T12:24:01.399+05:30 DEBUG 26728 --- [ODOP] [           main] o.s.data.mongodb.core.MongoTemplate      : Executing count: {} in collection: customers
2026-02-15T12:24:01.404+05:30 DEBUG 26728 --- [ODOP] [           main] o.s.data.mongodb.core.MongoTemplate      : Executing count: {} in collection: orders
2026-02-15T12:24:01.406+05:30  INFO 26728 --- [ODOP] [           main] c.o.r.services.DataInitializerService    : Data initialization check complete!
2026-02-15T12:24:01.407+05:30 DEBUG 26728 --- [ODOP] [           main] o.s.data.mongodb.core.MongoTemplate      : Executing count: {} in collection: artisan_stories
2026-02-15T12:24:01.411+05:30 DEBUG 26728 --- [ODOP] [           main] o.s.data.mongodb.core.MongoTemplate      : Executing count: {} in collection: craft_categories
2026-02-15T12:24:01.414+05:30 DEBUG 26728 --- [ODOP] [           main] o.s.data.mongodb.core.MongoTemplate      : Executing count: {} in collection: district_info
2026-02-15T12:24:01.418+05:30 DEBUG 26728 --- [ODOP] [           main] o.s.data.mongodb.core.MongoTemplate      : Executing count: {} in collection: festival_collections
2026-02-15T12:24:01.421+05:30 DEBUG 26728 --- [ODOP] [           main] o.s.data.mongodb.core.MongoTemplate      : Executing count: {} in collection: government_schemes
2026-02-15T12:24:01.424+05:30  INFO 26728 --- [ODOP] [           main] c.o.r.s.config.MongoTextIndexConfig      : Creating MongoDB text indexes for search...
2026-02-15T12:24:01.479+05:30  INFO 26728 --- [ODOP] [           main] c.o.r.s.config.MongoTextIndexConfig      : Product text index created
2026-02-15T12:24:01.497+05:30  INFO 26728 --- [ODOP] [           main] c.o.r.s.config.MongoTextIndexConfig      : Vendor text index created
2026-02-15T12:24:01.505+05:30  INFO 26728 --- [ODOP] [           main] c.o.r.s.config.MongoTextIndexConfig      : Category text index created
2026-02-15T12:24:01.518+05:30  INFO 26728 --- [ODOP] [           main] c.o.r.s.config.MongoTextIndexConfig      : Product filter indexes created
2026-02-15T12:24:01.518+05:30  INFO 26728 --- [ODOP] [           main] c.o.r.s.config.MongoTextIndexConfig      : MongoDB text indexes created successfully!
2026-02-15T12:24:11.399+05:30  INFO 26728 --- [ODOP] [io-50982-exec-1] o.a.c.c.C.[Tomcat].[localhost].[/]       : Initializing Spring DispatcherServlet 'dispatcherServlet'
2026-02-15T12:24:11.399+05:30  INFO 26728 --- [ODOP] [io-50982-exec-1] o.s.web.servlet.DispatcherServlet        : Initializing Servlet 'dispatcherServlet'
2026-02-15T12:24:11.401+05:30  INFO 26728 --- [ODOP] [io-50982-exec-1] o.s.web.servlet.DispatcherServlet        : Completed initialization in 2 ms
2026-02-15T12:24:11.412+05:30  WARN 26728 --- [ODOP] [io-50982-exec-1] o.s.w.s.h.HandlerMappingIntrospector     : Cache miss for REQUEST dispatch to '/odop/customer/get_all_customers' (previous null). Performing CorsConfiguration lookup. This is logged once only at WARN level, and every time at TRACE.
DEBUG [Filter shouldNotFilter]: URI: /odop/customer/get_all_customers, shouldSkip: false
2026-02-15T12:24:11.423+05:30  WARN 26728 --- [ODOP] [io-50982-exec-1] o.s.w.s.h.HandlerMappingIntrospector     : Cache miss for REQUEST dispatch to '/odop/customer/get_all_customers' (previous null). Performing MatchableHandlerMapping lookup. This is logged once only at WARN level, and every time at TRACE.
DEBUG [Filter shouldNotFilter]: URI: /odop/admin/create_account, shouldSkip: true
DEBUG [Filter shouldNotFilter]: URI: /odop/admin/create_account, shouldSkip: true
2026-02-15T12:24:23.843+05:30 DEBUG 26728 --- [ODOP] [io-50982-exec-3] o.s.data.mongodb.core.MongoTemplate      : Saving Document containing fields: [_id, fullName, emailAddress, password, contactNumber, positionAndRole, active, authorizationKey, roles, createdAt, updatedAt, _class]
DEBUG [Filter shouldNotFilter]: URI: /odop/admin/create_account, shouldSkip: true
DEBUG [Filter shouldNotFilter]: URI: /odop/admin/create_account, shouldSkip: true
2026-02-15T12:24:24.068+05:30 DEBUG 26728 --- [ODOP] [io-50982-exec-4] o.s.data.mongodb.core.MongoTemplate      : Saving Document containing fields: [_id, fullName, emailAddress, password, contactNumber, positionAndRole, active, authorizationKey, roles, createdAt, updatedAt, _class]
DEBUG [Filter shouldNotFilter]: URI: /odop/admin/create_account, shouldSkip: true
DEBUG [Filter shouldNotFilter]: URI: /odop/admin/create_account, shouldSkip: true
2026-02-15T12:24:24.234+05:30 DEBUG 26728 --- [ODOP] [io-50982-exec-5] o.s.data.mongodb.core.MongoTemplate      : Saving Document containing fields: [_id, fullName, emailAddress, password, contactNumber, positionAndRole, active, authorizationKey, roles, createdAt, updatedAt, _class]
DEBUG [Filter shouldNotFilter]: URI: /odop/admin/create_account, shouldSkip: true
DEBUG [Filter shouldNotFilter]: URI: /odop/admin/create_account, shouldSkip: true
2026-02-15T12:24:24.410+05:30 DEBUG 26728 --- [ODOP] [io-50982-exec-6] o.s.data.mongodb.core.MongoTemplate      : Saving Document containing fields: [_id, fullName, emailAddress, password, contactNumber, positionAndRole, active, authorizationKey, roles, createdAt, updatedAt, _class]
DEBUG [Filter shouldNotFilter]: URI: /odop/admin/create_account, shouldSkip: true
DEBUG [Filter shouldNotFilter]: URI: /odop/admin/create_account, shouldSkip: true
2026-02-15T12:24:24.588+05:30 DEBUG 26728 --- [ODOP] [io-50982-exec-7] o.s.data.mongodb.core.MongoTemplate      : Saving Document containing fields: [_id, fullName, emailAddress, password, contactNumber, positionAndRole, active, authorizationKey, roles, createdAt, updatedAt, _class]
DEBUG [Filter shouldNotFilter]: URI: /odop/admin/create_account, shouldSkip: true
DEBUG [Filter shouldNotFilter]: URI: /odop/admin/create_account, shouldSkip: true
2026-02-15T12:24:24.746+05:30 DEBUG 26728 --- [ODOP] [io-50982-exec-8] o.s.data.mongodb.core.MongoTemplate      : Saving Document containing fields: [_id, fullName, emailAddress, password, contactNumber, positionAndRole, active, authorizationKey, roles, createdAt, updatedAt, _class]
DEBUG [Filter shouldNotFilter]: URI: /odop/admin/create_account, shouldSkip: true
DEBUG [Filter shouldNotFilter]: URI: /odop/admin/create_account, shouldSkip: true
2026-02-15T12:24:24.899+05:30 DEBUG 26728 --- [ODOP] [io-50982-exec-9] o.s.data.mongodb.core.MongoTemplate      : Saving Document containing fields: [_id, fullName, emailAddress, password, contactNumber, positionAndRole, active, authorizationKey, roles, createdAt, updatedAt, _class]
DEBUG [Filter shouldNotFilter]: URI: /odop/admin/create_account, shouldSkip: true
DEBUG [Filter shouldNotFilter]: URI: /odop/admin/create_account, shouldSkip: true
2026-02-15T12:24:25.052+05:30 DEBUG 26728 --- [ODOP] [o-50982-exec-10] o.s.data.mongodb.core.MongoTemplate      : Saving Document containing fields: [_id, fullName, emailAddress, password, contactNumber, positionAndRole, active, authorizationKey, roles, createdAt, updatedAt, _class]
DEBUG [Filter shouldNotFilter]: URI: /odop/admin/create_account, shouldSkip: true
DEBUG [Filter shouldNotFilter]: URI: /odop/admin/create_account, shouldSkip: true
2026-02-15T12:24:25.212+05:30 DEBUG 26728 --- [ODOP] [io-50982-exec-1] o.s.data.mongodb.core.MongoTemplate      : Saving Document containing fields: [_id, fullName, emailAddress, password, contactNumber, positionAndRole, active, authorizationKey, roles, createdAt, updatedAt, _class]
DEBUG [Filter shouldNotFilter]: URI: /odop/admin/create_account, shouldSkip: true
DEBUG [Filter shouldNotFilter]: URI: /odop/admin/create_account, shouldSkip: true
2026-02-15T12:24:25.380+05:30 DEBUG 26728 --- [ODOP] [io-50982-exec-2] o.s.data.mongodb.core.MongoTemplate      : Saving Document containing fields: [_id, fullName, emailAddress, password, contactNumber, positionAndRole, active, authorizationKey, roles, createdAt, updatedAt, _class]
DEBUG [Filter shouldNotFilter]: URI: /odop/customer/create_account, shouldSkip: true
DEBUG [Filter shouldNotFilter]: URI: /odop/customer/create_account, shouldSkip: true
DEBUG [Service]: existsByEmailAddressOrContactNumber called
DEBUG [Service]: Email: customer1@odop.demo, Phone: 910200201
2026-02-15T12:24:25.473+05:30 DEBUG 26728 --- [ODOP] [io-50982-exec-3] o.s.d.m.r.query.MongoQueryCreator        : Created query Query: { "$or" : [{ "emailAddress" : "customer1@odop.demo"}, { "contactNumber" : 910200201}]}, Fields: {}, Sort: {}
2026-02-15T12:24:25.475+05:30 DEBUG 26728 --- [ODOP] [io-50982-exec-3] o.s.data.mongodb.core.MongoTemplate      : Executing count: { "$or" : [{ "emailAddress" : "customer1@odop.demo"}, { "contactNumber" : 910200201}]} in collection: customers
DEBUG [Service]: Repository returned: false
2026-02-15T12:24:25.553+05:30 DEBUG 26728 --- [ODOP] [io-50982-exec-3] o.s.data.mongodb.core.MongoTemplate      : Saving Document containing fields: [_id, fullName, emailAddress, password, contactNumber, address, city, state, pinCode, roles, status, createdAt, updatedAt, _class]
DEBUG [Filter shouldNotFilter]: URI: /odop/customer/create_account, shouldSkip: true
DEBUG [Filter shouldNotFilter]: URI: /odop/customer/create_account, shouldSkip: true
DEBUG [Service]: existsByEmailAddressOrContactNumber called
DEBUG [Service]: Email: customer2@odop.demo, Phone: 910200202
2026-02-15T12:24:25.657+05:30 DEBUG 26728 --- [ODOP] [io-50982-exec-4] o.s.d.m.r.query.MongoQueryCreator        : Created query Query: { "$or" : [{ "emailAddress" : "customer2@odop.demo"}, { "contactNumber" : 910200202}]}, Fields: {}, Sort: {}
2026-02-15T12:24:25.657+05:30 DEBUG 26728 --- [ODOP] [io-50982-exec-4] o.s.data.mongodb.core.MongoTemplate      : Executing count: { "$or" : [{ "emailAddress" : "customer2@odop.demo"}, { "contactNumber" : 910200202}]} in collection: customers
DEBUG [Service]: Repository returned: false
2026-02-15T12:24:25.728+05:30 DEBUG 26728 --- [ODOP] [io-50982-exec-4] o.s.data.mongodb.core.MongoTemplate      : Saving Document containing fields: [_id, fullName, emailAddress, password, contactNumber, address, city, state, pinCode, roles, status, createdAt, updatedAt, _class]
DEBUG [Filter shouldNotFilter]: URI: /odop/customer/create_account, shouldSkip: true
DEBUG [Filter shouldNotFilter]: URI: /odop/customer/create_account, shouldSkip: true
DEBUG [Service]: existsByEmailAddressOrContactNumber called
DEBUG [Service]: Email: customer3@odop.demo, Phone: 910200203
2026-02-15T12:24:25.826+05:30 DEBUG 26728 --- [ODOP] [io-50982-exec-5] o.s.d.m.r.query.MongoQueryCreator        : Created query Query: { "$or" : [{ "emailAddress" : "customer3@odop.demo"}, { "contactNumber" : 910200203}]}, Fields: {}, Sort: {}
2026-02-15T12:24:25.827+05:30 DEBUG 26728 --- [ODOP] [io-50982-exec-5] o.s.data.mongodb.core.MongoTemplate      : Executing count: { "$or" : [{ "emailAddress" : "customer3@odop.demo"}, { "contactNumber" : 910200203}]} in collection: customers
DEBUG [Service]: Repository returned: false
2026-02-15T12:24:25.900+05:30 DEBUG 26728 --- [ODOP] [io-50982-exec-5] o.s.data.mongodb.core.MongoTemplate      : Saving Document containing fields: [_id, fullName, emailAddress, password, contactNumber, address, city, state, pinCode, roles, status, createdAt, updatedAt, _class]
DEBUG [Filter shouldNotFilter]: URI: /odop/customer/create_account, shouldSkip: true
DEBUG [Filter shouldNotFilter]: URI: /odop/customer/create_account, shouldSkip: true
DEBUG [Service]: existsByEmailAddressOrContactNumber called
DEBUG [Service]: Email: customer4@odop.demo, Phone: 910200204
2026-02-15T12:24:25.997+05:30 DEBUG 26728 --- [ODOP] [io-50982-exec-6] o.s.d.m.r.query.MongoQueryCreator        : Created query Query: { "$or" : [{ "emailAddress" : "customer4@odop.demo"}, { "contactNumber" : 910200204}]}, Fields: {}, Sort: {}
2026-02-15T12:24:25.998+05:30 DEBUG 26728 --- [ODOP] [io-50982-exec-6] o.s.data.mongodb.core.MongoTemplate      : Executing count: { "$or" : [{ "emailAddress" : "customer4@odop.demo"}, { "contactNumber" : 910200204}]} in collection: customers
DEBUG [Service]: Repository returned: false
2026-02-15T12:24:26.066+05:30 DEBUG 26728 --- [ODOP] [io-50982-exec-6] o.s.data.mongodb.core.MongoTemplate      : Saving Document containing fields: [_id, fullName, emailAddress, password, contactNumber, address, city, state, pinCode, roles, status, createdAt, updatedAt, _class]
DEBUG [Filter shouldNotFilter]: URI: /odop/customer/create_account, shouldSkip: true
DEBUG [Filter shouldNotFilter]: URI: /odop/customer/create_account, shouldSkip: true
DEBUG [Service]: existsByEmailAddressOrContactNumber called
DEBUG [Service]: Email: customer5@odop.demo, Phone: 910200205
2026-02-15T12:24:26.167+05:30 DEBUG 26728 --- [ODOP] [io-50982-exec-7] o.s.d.m.r.query.MongoQueryCreator        : Created query Query: { "$or" : [{ "emailAddress" : "customer5@odop.demo"}, { "contactNumber" : 910200205}]}, Fields: {}, Sort: {}
2026-02-15T12:24:26.168+05:30 DEBUG 26728 --- [ODOP] [io-50982-exec-7] o.s.data.mongodb.core.MongoTemplate      : Executing count: { "$or" : [{ "emailAddress" : "customer5@odop.demo"}, { "contactNumber" : 910200205}]} in collection: customers
DEBUG [Service]: Repository returned: false
2026-02-15T12:24:26.236+05:30 DEBUG 26728 --- [ODOP] [io-50982-exec-7] o.s.data.mongodb.core.MongoTemplate      : Saving Document containing fields: [_id, fullName, emailAddress, password, contactNumber, address, city, state, pinCode, roles, status, createdAt, updatedAt, _class]
DEBUG [Filter shouldNotFilter]: URI: /odop/customer/create_account, shouldSkip: true
DEBUG [Filter shouldNotFilter]: URI: /odop/customer/create_account, shouldSkip: true
DEBUG [Service]: existsByEmailAddressOrContactNumber called
DEBUG [Service]: Email: customer6@odop.demo, Phone: 910200206
2026-02-15T12:24:26.322+05:30 DEBUG 26728 --- [ODOP] [io-50982-exec-8] o.s.d.m.r.query.MongoQueryCreator        : Created query Query: { "$or" : [{ "emailAddress" : "customer6@odop.demo"}, { "contactNumber" : 910200206}]}, Fields: {}, Sort: {}
2026-02-15T12:24:26.322+05:30 DEBUG 26728 --- [ODOP] [io-50982-exec-8] o.s.data.mongodb.core.MongoTemplate      : Executing count: { "$or" : [{ "emailAddress" : "customer6@odop.demo"}, { "contactNumber" : 910200206}]} in collection: customers
DEBUG [Service]: Repository returned: false
2026-02-15T12:24:26.393+05:30 DEBUG 26728 --- [ODOP] [io-50982-exec-8] o.s.data.mongodb.core.MongoTemplate      : Saving Document containing fields: [_id, fullName, emailAddress, password, contactNumber, address, city, state, pinCode, roles, status, createdAt, updatedAt, _class]
DEBUG [Filter shouldNotFilter]: URI: /odop/customer/create_account, shouldSkip: true
DEBUG [Filter shouldNotFilter]: URI: /odop/customer/create_account, shouldSkip: true
DEBUG [Service]: existsByEmailAddressOrContactNumber called
DEBUG [Service]: Email: customer7@odop.demo, Phone: 910200207
2026-02-15T12:24:26.496+05:30 DEBUG 26728 --- [ODOP] [io-50982-exec-9] o.s.d.m.r.query.MongoQueryCreator        : Created query Query: { "$or" : [{ "emailAddress" : "customer7@odop.demo"}, { "contactNumber" : 910200207}]}, Fields: {}, Sort: {}
2026-02-15T12:24:26.496+05:30 DEBUG 26728 --- [ODOP] [io-50982-exec-9] o.s.data.mongodb.core.MongoTemplate      : Executing count: { "$or" : [{ "emailAddress" : "customer7@odop.demo"}, { "contactNumber" : 910200207}]} in collection: customers
DEBUG [Service]: Repository returned: false
2026-02-15T12:24:26.563+05:30 DEBUG 26728 --- [ODOP] [io-50982-exec-9] o.s.data.mongodb.core.MongoTemplate      : Saving Document containing fields: [_id, fullName, emailAddress, password, contactNumber, address, city, state, pinCode, roles, status, createdAt, updatedAt, _class]
DEBUG [Filter shouldNotFilter]: URI: /odop/customer/create_account, shouldSkip: true
DEBUG [Filter shouldNotFilter]: URI: /odop/customer/create_account, shouldSkip: true
DEBUG [Service]: existsByEmailAddressOrContactNumber called
DEBUG [Service]: Email: customer8@odop.demo, Phone: 910200208
2026-02-15T12:24:26.653+05:30 DEBUG 26728 --- [ODOP] [o-50982-exec-10] o.s.d.m.r.query.MongoQueryCreator        : Created query Query: { "$or" : [{ "emailAddress" : "customer8@odop.demo"}, { "contactNumber" : 910200208}]}, Fields: {}, Sort: {}
2026-02-15T12:24:26.653+05:30 DEBUG 26728 --- [ODOP] [o-50982-exec-10] o.s.data.mongodb.core.MongoTemplate      : Executing count: { "$or" : [{ "emailAddress" : "customer8@odop.demo"}, { "contactNumber" : 910200208}]} in collection: customers
DEBUG [Service]: Repository returned: false
2026-02-15T12:24:26.720+05:30 DEBUG 26728 --- [ODOP] [o-50982-exec-10] o.s.data.mongodb.core.MongoTemplate      : Saving Document containing fields: [_id, fullName, emailAddress, password, contactNumber, address, city, state, pinCode, roles, status, createdAt, updatedAt, _class]
DEBUG [Filter shouldNotFilter]: URI: /odop/customer/create_account, shouldSkip: true
DEBUG [Filter shouldNotFilter]: URI: /odop/customer/create_account, shouldSkip: true
DEBUG [Service]: existsByEmailAddressOrContactNumber called
DEBUG [Service]: Email: customer9@odop.demo, Phone: 910200209
2026-02-15T12:24:26.809+05:30 DEBUG 26728 --- [ODOP] [io-50982-exec-1] o.s.d.m.r.query.MongoQueryCreator        : Created query Query: { "$or" : [{ "emailAddress" : "customer9@odop.demo"}, { "contactNumber" : 910200209}]}, Fields: {}, Sort: {}
2026-02-15T12:24:26.810+05:30 DEBUG 26728 --- [ODOP] [io-50982-exec-1] o.s.data.mongodb.core.MongoTemplate      : Executing count: { "$or" : [{ "emailAddress" : "customer9@odop.demo"}, { "contactNumber" : 910200209}]} in collection: customers
DEBUG [Service]: Repository returned: false
2026-02-15T12:24:26.880+05:30 DEBUG 26728 --- [ODOP] [io-50982-exec-1] o.s.data.mongodb.core.MongoTemplate      : Saving Document containing fields: [_id, fullName, emailAddress, password, contactNumber, address, city, state, pinCode, roles, status, createdAt, updatedAt, _class]
DEBUG [Filter shouldNotFilter]: URI: /odop/customer/create_account, shouldSkip: true
DEBUG [Filter shouldNotFilter]: URI: /odop/customer/create_account, shouldSkip: true
DEBUG [Service]: existsByEmailAddressOrContactNumber called
DEBUG [Service]: Email: customer10@odop.demo, Phone: 910200210
2026-02-15T12:24:26.980+05:30 DEBUG 26728 --- [ODOP] [io-50982-exec-2] o.s.d.m.r.query.MongoQueryCreator        : Created query Query: { "$or" : [{ "emailAddress" : "customer10@odop.demo"}, { "contactNumber" : 910200210}]}, Fields: {}, Sort: {}
2026-02-15T12:24:26.980+05:30 DEBUG 26728 --- [ODOP] [io-50982-exec-2] o.s.data.mongodb.core.MongoTemplate      : Executing count: { "$or" : [{ "emailAddress" : "customer10@odop.demo"}, { "contactNumber" : 910200210}]} in collection: customers
DEBUG [Service]: Repository returned: false
2026-02-15T12:24:27.050+05:30 DEBUG 26728 --- [ODOP] [io-50982-exec-2] o.s.data.mongodb.core.MongoTemplate      : Saving Document containing fields: [_id, fullName, emailAddress, password, contactNumber, address, city, state, pinCode, roles, status, createdAt, updatedAt, _class]
DEBUG [Filter shouldNotFilter]: URI: /odop/vendor/create_account, shouldSkip: true
DEBUG [Filter shouldNotFilter]: URI: /odop/vendor/create_account, shouldSkip: true
2026-02-15T12:24:27.227+05:30  INFO 26728 --- [ODOP] [io-50982-exec-3] com.odop.root.services.VendorService     : Setting ROLE_VENDOR for vendor: vendor1@odop.demo
2026-02-15T12:24:27.227+05:30  INFO 26728 --- [ODOP] [io-50982-exec-3] com.odop.root.services.VendorService     : Vendor roles before save: [ROLE_VENDOR]
2026-02-15T12:24:27.228+05:30 DEBUG 26728 --- [ODOP] [io-50982-exec-3] o.s.data.mongodb.core.MongoTemplate      : Saving Document containing fields: [_id, shoppeeName, shopkeeperName, emailAddress, password, contactNumber, shoppeeAddress, locationDistrict, locationState, pinCode, businessRegistryNumber, returnPolicy, termsAndServiceAgreement, profilePictureUrl, websiteUrl, status, verified, deliveryAvailable, deliveryCharges, vendorType, shopDescription, freeDeliveryAbove, roles, createdAt, updatedAt, _class]
2026-02-15T12:24:27.231+05:30  INFO 26728 --- [ODOP] [io-50982-exec-3] com.odop.root.services.VendorService     : Saved vendor roles: [ROLE_VENDOR]
DEBUG [Filter shouldNotFilter]: URI: /odop/vendor/create_account, shouldSkip: true
DEBUG [Filter shouldNotFilter]: URI: /odop/vendor/create_account, shouldSkip: true
2026-02-15T12:24:27.419+05:30  INFO 26728 --- [ODOP] [io-50982-exec-4] com.odop.root.services.VendorService     : Setting ROLE_VENDOR for vendor: vendor2@odop.demo
2026-02-15T12:24:27.419+05:30  INFO 26728 --- [ODOP] [io-50982-exec-4] com.odop.root.services.VendorService     : Vendor roles before save: [ROLE_VENDOR]
2026-02-15T12:24:27.421+05:30 DEBUG 26728 --- [ODOP] [io-50982-exec-4] o.s.data.mongodb.core.MongoTemplate      : Saving Document containing fields: [_id, shoppeeName, shopkeeperName, emailAddress, password, contactNumber, shoppeeAddress, locationDistrict, locationState, pinCode, businessRegistryNumber, returnPolicy, termsAndServiceAgreement, profilePictureUrl, websiteUrl, status, verified, deliveryAvailable, deliveryCharges, vendorType, shopDescription, freeDeliveryAbove, roles, createdAt, updatedAt, _class]
2026-02-15T12:24:27.423+05:30  INFO 26728 --- [ODOP] [io-50982-exec-4] com.odop.root.services.VendorService     : Saved vendor roles: [ROLE_VENDOR]
DEBUG [Filter shouldNotFilter]: URI: /odop/vendor/create_account, shouldSkip: true
DEBUG [Filter shouldNotFilter]: URI: /odop/vendor/create_account, shouldSkip: true
2026-02-15T12:24:27.575+05:30  INFO 26728 --- [ODOP] [io-50982-exec-5] com.odop.root.services.VendorService     : Setting ROLE_VENDOR for vendor: vendor3@odop.demo
2026-02-15T12:24:27.575+05:30  INFO 26728 --- [ODOP] [io-50982-exec-5] com.odop.root.services.VendorService     : Vendor roles before save: [ROLE_VENDOR]
2026-02-15T12:24:27.576+05:30 DEBUG 26728 --- [ODOP] [io-50982-exec-5] o.s.data.mongodb.core.MongoTemplate      : Saving Document containing fields: [_id, shoppeeName, shopkeeperName, emailAddress, password, contactNumber, shoppeeAddress, locationDistrict, locationState, pinCode, businessRegistryNumber, returnPolicy, termsAndServiceAgreement, profilePictureUrl, websiteUrl, status, verified, deliveryAvailable, deliveryCharges, vendorType, shopDescription, freeDeliveryAbove, roles, createdAt, updatedAt, _class]
2026-02-15T12:24:27.577+05:30  INFO 26728 --- [ODOP] [io-50982-exec-5] com.odop.root.services.VendorService     : Saved vendor roles: [ROLE_VENDOR]
DEBUG [Filter shouldNotFilter]: URI: /odop/vendor/create_account, shouldSkip: true
DEBUG [Filter shouldNotFilter]: URI: /odop/vendor/create_account, shouldSkip: true
2026-02-15T12:24:27.729+05:30  INFO 26728 --- [ODOP] [io-50982-exec-6] com.odop.root.services.VendorService     : Setting ROLE_VENDOR for vendor: vendor4@odop.demo
2026-02-15T12:24:27.729+05:30  INFO 26728 --- [ODOP] [io-50982-exec-6] com.odop.root.services.VendorService     : Vendor roles before save: [ROLE_VENDOR]
2026-02-15T12:24:27.730+05:30 DEBUG 26728 --- [ODOP] [io-50982-exec-6] o.s.data.mongodb.core.MongoTemplate      : Saving Document containing fields: [_id, shoppeeName, shopkeeperName, emailAddress, password, contactNumber, shoppeeAddress, locationDistrict, locationState, pinCode, businessRegistryNumber, returnPolicy, termsAndServiceAgreement, profilePictureUrl, websiteUrl, status, verified, deliveryAvailable, deliveryCharges, vendorType, shopDescription, freeDeliveryAbove, roles, createdAt, updatedAt, _class]
2026-02-15T12:24:27.731+05:30  INFO 26728 --- [ODOP] [io-50982-exec-6] com.odop.root.services.VendorService     : Saved vendor roles: [ROLE_VENDOR]
DEBUG [Filter shouldNotFilter]: URI: /odop/vendor/create_account, shouldSkip: true
DEBUG [Filter shouldNotFilter]: URI: /odop/vendor/create_account, shouldSkip: true
2026-02-15T12:24:27.883+05:30  INFO 26728 --- [ODOP] [io-50982-exec-7] com.odop.root.services.VendorService     : Setting ROLE_VENDOR for vendor: vendor5@odop.demo
2026-02-15T12:24:27.883+05:30  INFO 26728 --- [ODOP] [io-50982-exec-7] com.odop.root.services.VendorService     : Vendor roles before save: [ROLE_VENDOR]
2026-02-15T12:24:27.883+05:30 DEBUG 26728 --- [ODOP] [io-50982-exec-7] o.s.data.mongodb.core.MongoTemplate      : Saving Document containing fields: [_id, shoppeeName, shopkeeperName, emailAddress, password, contactNumber, shoppeeAddress, locationDistrict, locationState, pinCode, businessRegistryNumber, returnPolicy, termsAndServiceAgreement, profilePictureUrl, websiteUrl, status, verified, deliveryAvailable, deliveryCharges, vendorType, shopDescription, freeDeliveryAbove, roles, createdAt, updatedAt, _class]
2026-02-15T12:24:27.886+05:30  INFO 26728 --- [ODOP] [io-50982-exec-7] com.odop.root.services.VendorService     : Saved vendor roles: [ROLE_VENDOR]
DEBUG [Filter shouldNotFilter]: URI: /odop/vendor/create_account, shouldSkip: true
DEBUG [Filter shouldNotFilter]: URI: /odop/vendor/create_account, shouldSkip: true
2026-02-15T12:24:28.040+05:30  INFO 26728 --- [ODOP] [io-50982-exec-8] com.odop.root.services.VendorService     : Setting ROLE_VENDOR for vendor: vendor6@odop.demo
2026-02-15T12:24:28.040+05:30  INFO 26728 --- [ODOP] [io-50982-exec-8] com.odop.root.services.VendorService     : Vendor roles before save: [ROLE_VENDOR]
2026-02-15T12:24:28.041+05:30 DEBUG 26728 --- [ODOP] [io-50982-exec-8] o.s.data.mongodb.core.MongoTemplate      : Saving Document containing fields: [_id, shoppeeName, shopkeeperName, emailAddress, password, contactNumber, shoppeeAddress, locationDistrict, locationState, pinCode, businessRegistryNumber, returnPolicy, termsAndServiceAgreement, profilePictureUrl, websiteUrl, status, verified, deliveryAvailable, deliveryCharges, vendorType, shopDescription, freeDeliveryAbove, roles, createdAt, updatedAt, _class]
2026-02-15T12:24:28.042+05:30  INFO 26728 --- [ODOP] [io-50982-exec-8] com.odop.root.services.VendorService     : Saved vendor roles: [ROLE_VENDOR]
DEBUG [Filter shouldNotFilter]: URI: /odop/vendor/create_account, shouldSkip: true
DEBUG [Filter shouldNotFilter]: URI: /odop/vendor/create_account, shouldSkip: true
2026-02-15T12:24:28.193+05:30  INFO 26728 --- [ODOP] [io-50982-exec-9] com.odop.root.services.VendorService     : Setting ROLE_VENDOR for vendor: vendor7@odop.demo
2026-02-15T12:24:28.194+05:30  INFO 26728 --- [ODOP] [io-50982-exec-9] com.odop.root.services.VendorService     : Vendor roles before save: [ROLE_VENDOR]
2026-02-15T12:24:28.194+05:30 DEBUG 26728 --- [ODOP] [io-50982-exec-9] o.s.data.mongodb.core.MongoTemplate      : Saving Document containing fields: [_id, shoppeeName, shopkeeperName, emailAddress, password, contactNumber, shoppeeAddress, locationDistrict, locationState, pinCode, businessRegistryNumber, returnPolicy, termsAndServiceAgreement, profilePictureUrl, websiteUrl, status, verified, deliveryAvailable, deliveryCharges, vendorType, shopDescription, freeDeliveryAbove, roles, createdAt, updatedAt, _class]
2026-02-15T12:24:28.196+05:30  INFO 26728 --- [ODOP] [io-50982-exec-9] com.odop.root.services.VendorService     : Saved vendor roles: [ROLE_VENDOR]
DEBUG [Filter shouldNotFilter]: URI: /odop/vendor/create_account, shouldSkip: true
DEBUG [Filter shouldNotFilter]: URI: /odop/vendor/create_account, shouldSkip: true
2026-02-15T12:24:28.352+05:30  INFO 26728 --- [ODOP] [o-50982-exec-10] com.odop.root.services.VendorService     : Setting ROLE_VENDOR for vendor: vendor8@odop.demo
2026-02-15T12:24:28.353+05:30  INFO 26728 --- [ODOP] [o-50982-exec-10] com.odop.root.services.VendorService     : Vendor roles before save: [ROLE_VENDOR]
2026-02-15T12:24:28.353+05:30 DEBUG 26728 --- [ODOP] [o-50982-exec-10] o.s.data.mongodb.core.MongoTemplate      : Saving Document containing fields: [_id, shoppeeName, shopkeeperName, emailAddress, password, contactNumber, shoppeeAddress, locationDistrict, locationState, pinCode, businessRegistryNumber, returnPolicy, termsAndServiceAgreement, profilePictureUrl, websiteUrl, status, verified, deliveryAvailable, deliveryCharges, vendorType, shopDescription, freeDeliveryAbove, roles, createdAt, updatedAt, _class]
2026-02-15T12:24:28.355+05:30  INFO 26728 --- [ODOP] [o-50982-exec-10] com.odop.root.services.VendorService     : Saved vendor roles: [ROLE_VENDOR]
DEBUG [Filter shouldNotFilter]: URI: /odop/vendor/create_account, shouldSkip: true
DEBUG [Filter shouldNotFilter]: URI: /odop/vendor/create_account, shouldSkip: true
2026-02-15T12:24:28.507+05:30  INFO 26728 --- [ODOP] [io-50982-exec-1] com.odop.root.services.VendorService     : Setting ROLE_VENDOR for vendor: vendor9@odop.demo
2026-02-15T12:24:28.508+05:30  INFO 26728 --- [ODOP] [io-50982-exec-1] com.odop.root.services.VendorService     : Vendor roles before save: [ROLE_VENDOR]
2026-02-15T12:24:28.508+05:30 DEBUG 26728 --- [ODOP] [io-50982-exec-1] o.s.data.mongodb.core.MongoTemplate      : Saving Document containing fields: [_id, shoppeeName, shopkeeperName, emailAddress, password, contactNumber, shoppeeAddress, locationDistrict, locationState, pinCode, businessRegistryNumber, returnPolicy, termsAndServiceAgreement, profilePictureUrl, websiteUrl, status, verified, deliveryAvailable, deliveryCharges, vendorType, shopDescription, freeDeliveryAbove, roles, createdAt, updatedAt, _class]
2026-02-15T12:24:28.511+05:30  INFO 26728 --- [ODOP] [io-50982-exec-1] com.odop.root.services.VendorService     : Saved vendor roles: [ROLE_VENDOR]
DEBUG [Filter shouldNotFilter]: URI: /odop/vendor/create_account, shouldSkip: true
DEBUG [Filter shouldNotFilter]: URI: /odop/vendor/create_account, shouldSkip: true
2026-02-15T12:24:28.660+05:30  INFO 26728 --- [ODOP] [io-50982-exec-2] com.odop.root.services.VendorService     : Setting ROLE_VENDOR for vendor: vendor10@odop.demo
2026-02-15T12:24:28.661+05:30  INFO 26728 --- [ODOP] [io-50982-exec-2] com.odop.root.services.VendorService     : Vendor roles before save: [ROLE_VENDOR]
2026-02-15T12:24:28.661+05:30 DEBUG 26728 --- [ODOP] [io-50982-exec-2] o.s.data.mongodb.core.MongoTemplate      : Saving Document containing fields: [_id, shoppeeName, shopkeeperName, emailAddress, password, contactNumber, shoppeeAddress, locationDistrict, locationState, pinCode, businessRegistryNumber, returnPolicy, termsAndServiceAgreement, profilePictureUrl, websiteUrl, status, verified, deliveryAvailable, deliveryCharges, vendorType, shopDescription, freeDeliveryAbove, roles, createdAt, updatedAt, _class]
2026-02-15T12:24:28.662+05:30  INFO 26728 --- [ODOP] [io-50982-exec-2] com.odop.root.services.VendorService     : Saved vendor roles: [ROLE_VENDOR]
DEBUG [Filter shouldNotFilter]: URI: /odop/category/save_category, shouldSkip: false
DEBUG [Filter shouldNotFilter]: URI: /odop/category/save_category, shouldSkip: false
DEBUG [Filter shouldNotFilter]: URI: /odop/category/save_category, shouldSkip: false
DEBUG [Filter shouldNotFilter]: URI: /odop/category/save_category, shouldSkip: false
DEBUG [Filter shouldNotFilter]: URI: /odop/category/save_category, shouldSkip: false
DEBUG [Filter shouldNotFilter]: URI: /odop/category/save_category, shouldSkip: false
DEBUG [Filter shouldNotFilter]: URI: /odop/category/save_category, shouldSkip: false
DEBUG [Filter shouldNotFilter]: URI: /odop/category/save_category, shouldSkip: false
DEBUG [Filter shouldNotFilter]: URI: /odop/category/save_category, shouldSkip: false
DEBUG [Filter shouldNotFilter]: URI: /odop/category/save_category, shouldSkip: false
DEBUG [Filter shouldNotFilter]: URI: /odop/product/save_product, shouldSkip: false
DEBUG [Filter shouldNotFilter]: URI: /odop/product/save_product, shouldSkip: false
DEBUG [Filter shouldNotFilter]: URI: /odop/product/save_product, shouldSkip: false
DEBUG [Filter shouldNotFilter]: URI: /odop/product/save_product, shouldSkip: false
DEBUG [Filter shouldNotFilter]: URI: /odop/product/save_product, shouldSkip: false
DEBUG [Filter shouldNotFilter]: URI: /odop/product/save_product, shouldSkip: false
DEBUG [Filter shouldNotFilter]: URI: /odop/product/save_product, shouldSkip: false
DEBUG [Filter shouldNotFilter]: URI: /odop/product/save_product, shouldSkip: false
DEBUG [Filter shouldNotFilter]: URI: /odop/product/save_product, shouldSkip: false
DEBUG [Filter shouldNotFilter]: URI: /odop/product/save_product, shouldSkip: false
DEBUG [Filter shouldNotFilter]: URI: /odop/cart/save_cart, shouldSkip: false
DEBUG [Filter shouldNotFilter]: URI: /odop/cart/save_cart, shouldSkip: false
DEBUG [Filter shouldNotFilter]: URI: /odop/cart/save_cart, shouldSkip: false
DEBUG [Filter shouldNotFilter]: URI: /odop/cart/save_cart, shouldSkip: false
DEBUG [Filter shouldNotFilter]: URI: /odop/cart/save_cart, shouldSkip: false
DEBUG [Filter shouldNotFilter]: URI: /odop/cart/save_cart, shouldSkip: false
DEBUG [Filter shouldNotFilter]: URI: /odop/cart/save_cart, shouldSkip: false
DEBUG [Filter shouldNotFilter]: URI: /odop/cart/save_cart, shouldSkip: false
DEBUG [Filter shouldNotFilter]: URI: /odop/cart/save_cart, shouldSkip: false
DEBUG [Filter shouldNotFilter]: URI: /odop/cart/save_cart, shouldSkip: false
DEBUG [Filter shouldNotFilter]: URI: /odop/order/create, shouldSkip: false
DEBUG [Filter shouldNotFilter]: URI: /odop/order/create, shouldSkip: false
DEBUG [Filter shouldNotFilter]: URI: /odop/order/create, shouldSkip: false
DEBUG [Filter shouldNotFilter]: URI: /odop/order/create, shouldSkip: false
DEBUG [Filter shouldNotFilter]: URI: /odop/order/create, shouldSkip: false
DEBUG [Filter shouldNotFilter]: URI: /odop/order/create, shouldSkip: false
DEBUG [Filter shouldNotFilter]: URI: /odop/order/create, shouldSkip: false
DEBUG [Filter shouldNotFilter]: URI: /odop/order/create, shouldSkip: false
DEBUG [Filter shouldNotFilter]: URI: /odop/order/create, shouldSkip: false
DEBUG [Filter shouldNotFilter]: URI: /odop/order/create, shouldSkip: false
DEBUG [Filter shouldNotFilter]: URI: /odop/contact, shouldSkip: false
DEBUG [Filter shouldNotFilter]: URI: /odop/contact, shouldSkip: false
DEBUG [Filter shouldNotFilter]: URI: /odop/contact, shouldSkip: false
DEBUG [Filter shouldNotFilter]: URI: /odop/contact, shouldSkip: false
DEBUG [Filter shouldNotFilter]: URI: /odop/contact, shouldSkip: false
DEBUG [Filter shouldNotFilter]: URI: /odop/contact, shouldSkip: false
DEBUG [Filter shouldNotFilter]: URI: /odop/contact, shouldSkip: false
DEBUG [Filter shouldNotFilter]: URI: /odop/contact, shouldSkip: false
DEBUG [Filter shouldNotFilter]: URI: /odop/contact, shouldSkip: false
DEBUG [Filter shouldNotFilter]: URI: /odop/contact, shouldSkip: false
2026-02-15T12:25:01.238+05:30  INFO 26728 --- [ODOP] [MessageBroker-2] o.s.w.s.c.WebSocketMessageBrokerStats    : WebSocketSession[0 current WS(0)-HttpStream(0)-HttpPoll(0), 0 total, 0 closed abnormally (0 connect failure, 0 send limit, 0 transport error)], stompSubProtocol[processed CONNECT(0)-CONNECTED(0)-DISCONNECT(0)], stompBrokerRelay[null], inboundChannel[pool size = 0, active threads = 0, queued tasks = 0, completed tasks = 0], outboundChannel[pool size = 0, active threads = 0, queued tasks = 0, completed tasks = 0], sockJsScheduler[pool size = 3, active threads = 1, queued tasks = 1, completed tasks = 1]
DEBUG [Filter shouldNotFilter]: URI: /odop/admin/create_account, shouldSkip: true
DEBUG [Filter shouldNotFilter]: URI: /odop/admin/create_account, shouldSkip: true
2026-02-15T12:26:50.457+05:30 DEBUG 26728 --- [ODOP] [io-50982-exec-5] o.s.data.mongodb.core.MongoTemplate      : Saving Document containing fields: [_id, fullName, emailAddress, password, contactNumber, positionAndRole, active, authorizationKey, roles, createdAt, updatedAt, _class]
DEBUG [Filter shouldNotFilter]: URI: /odop/admin/create_account, shouldSkip: true
DEBUG [Filter shouldNotFilter]: URI: /odop/admin/create_account, shouldSkip: true
2026-02-15T12:26:50.629+05:30 DEBUG 26728 --- [ODOP] [io-50982-exec-6] o.s.data.mongodb.core.MongoTemplate      : Saving Document containing fields: [_id, fullName, emailAddress, password, contactNumber, positionAndRole, active, authorizationKey, roles, createdAt, updatedAt, _class]
DEBUG [Filter shouldNotFilter]: URI: /odop/admin/create_account, shouldSkip: true
DEBUG [Filter shouldNotFilter]: URI: /odop/admin/create_account, shouldSkip: true
2026-02-15T12:26:50.784+05:30 DEBUG 26728 --- [ODOP] [io-50982-exec-7] o.s.data.mongodb.core.MongoTemplate      : Saving Document containing fields: [_id, fullName, emailAddress, password, contactNumber, positionAndRole, active, authorizationKey, roles, createdAt, updatedAt, _class]
DEBUG [Filter shouldNotFilter]: URI: /odop/admin/create_account, shouldSkip: true
DEBUG [Filter shouldNotFilter]: URI: /odop/admin/create_account, shouldSkip: true
2026-02-15T12:26:50.940+05:30 DEBUG 26728 --- [ODOP] [io-50982-exec-8] o.s.data.mongodb.core.MongoTemplate      : Saving Document containing fields: [_id, fullName, emailAddress, password, contactNumber, positionAndRole, active, authorizationKey, roles, createdAt, updatedAt, _class]
DEBUG [Filter shouldNotFilter]: URI: /odop/admin/create_account, shouldSkip: true
DEBUG [Filter shouldNotFilter]: URI: /odop/admin/create_account, shouldSkip: true
2026-02-15T12:26:51.101+05:30 DEBUG 26728 --- [ODOP] [io-50982-exec-9] o.s.data.mongodb.core.MongoTemplate      : Saving Document containing fields: [_id, fullName, emailAddress, password, contactNumber, positionAndRole, active, authorizationKey, roles, createdAt, updatedAt, _class]
DEBUG [Filter shouldNotFilter]: URI: /odop/admin/create_account, shouldSkip: true
DEBUG [Filter shouldNotFilter]: URI: /odop/admin/create_account, shouldSkip: true
2026-02-15T12:26:51.255+05:30 DEBUG 26728 --- [ODOP] [o-50982-exec-10] o.s.data.mongodb.core.MongoTemplate      : Saving Document containing fields: [_id, fullName, emailAddress, password, contactNumber, positionAndRole, active, authorizationKey, roles, createdAt, updatedAt, _class]
DEBUG [Filter shouldNotFilter]: URI: /odop/admin/create_account, shouldSkip: true
DEBUG [Filter shouldNotFilter]: URI: /odop/admin/create_account, shouldSkip: true
2026-02-15T12:26:51.403+05:30 DEBUG 26728 --- [ODOP] [io-50982-exec-1] o.s.data.mongodb.core.MongoTemplate      : Saving Document containing fields: [_id, fullName, emailAddress, password, contactNumber, positionAndRole, active, authorizationKey, roles, createdAt, updatedAt, _class]
DEBUG [Filter shouldNotFilter]: URI: /odop/admin/create_account, shouldSkip: true
DEBUG [Filter shouldNotFilter]: URI: /odop/admin/create_account, shouldSkip: true
2026-02-15T12:26:51.563+05:30 DEBUG 26728 --- [ODOP] [io-50982-exec-2] o.s.data.mongodb.core.MongoTemplate      : Saving Document containing fields: [_id, fullName, emailAddress, password, contactNumber, positionAndRole, active, authorizationKey, roles, createdAt, updatedAt, _class]
DEBUG [Filter shouldNotFilter]: URI: /odop/admin/create_account, shouldSkip: true
DEBUG [Filter shouldNotFilter]: URI: /odop/admin/create_account, shouldSkip: true
2026-02-15T12:26:51.717+05:30 DEBUG 26728 --- [ODOP] [io-50982-exec-4] o.s.data.mongodb.core.MongoTemplate      : Saving Document containing fields: [_id, fullName, emailAddress, password, contactNumber, positionAndRole, active, authorizationKey, roles, createdAt, updatedAt, _class]
DEBUG [Filter shouldNotFilter]: URI: /odop/admin/create_account, shouldSkip: true
DEBUG [Filter shouldNotFilter]: URI: /odop/admin/create_account, shouldSkip: true
2026-02-15T12:26:51.873+05:30 DEBUG 26728 --- [ODOP] [io-50982-exec-3] o.s.data.mongodb.core.MongoTemplate      : Saving Document containing fields: [_id, fullName, emailAddress, password, contactNumber, positionAndRole, active, authorizationKey, roles, createdAt, updatedAt, _class]
DEBUG [Filter shouldNotFilter]: URI: /odop/customer/create_account, shouldSkip: true
DEBUG [Filter shouldNotFilter]: URI: /odop/customer/create_account, shouldSkip: true
DEBUG [Service]: existsByEmailAddressOrContactNumber called
DEBUG [Service]: Email: customer1-mlne763c@odop.demo, Phone: 910200201
2026-02-15T12:26:51.961+05:30 DEBUG 26728 --- [ODOP] [io-50982-exec-5] o.s.d.m.r.query.MongoQueryCreator        : Created query Query: { "$or" : [{ "emailAddress" : "customer1-mlne763c@odop.demo"}, { "contactNumber" : 910200201}]}, Fields: {}, Sort: {}
2026-02-15T12:26:51.962+05:30 DEBUG 26728 --- [ODOP] [io-50982-exec-5] o.s.data.mongodb.core.MongoTemplate      : Executing count: { "$or" : [{ "emailAddress" : "customer1-mlne763c@odop.demo"}, { "contactNumber" : 910200201}]} in collection: customers
DEBUG [Service]: Repository returned: true
DEBUG [Filter shouldNotFilter]: URI: /odop/customer/create_account, shouldSkip: true
DEBUG [Filter shouldNotFilter]: URI: /odop/customer/create_account, shouldSkip: true
DEBUG [Service]: existsByEmailAddressOrContactNumber called
DEBUG [Service]: Email: customer2-mlne763c@odop.demo, Phone: 910200202
2026-02-15T12:26:51.979+05:30 DEBUG 26728 --- [ODOP] [io-50982-exec-6] o.s.d.m.r.query.MongoQueryCreator        : Created query Query: { "$or" : [{ "emailAddress" : "customer2-mlne763c@odop.demo"}, { "contactNumber" : 910200202}]}, Fields: {}, Sort: {}
2026-02-15T12:26:51.979+05:30 DEBUG 26728 --- [ODOP] [io-50982-exec-6] o.s.data.mongodb.core.MongoTemplate      : Executing count: { "$or" : [{ "emailAddress" : "customer2-mlne763c@odop.demo"}, { "contactNumber" : 910200202}]} in collection: customers
DEBUG [Service]: Repository returned: true
DEBUG [Filter shouldNotFilter]: URI: /odop/customer/create_account, shouldSkip: true
DEBUG [Filter shouldNotFilter]: URI: /odop/customer/create_account, shouldSkip: true
DEBUG [Service]: existsByEmailAddressOrContactNumber called
DEBUG [Service]: Email: customer3-mlne763c@odop.demo, Phone: 910200203
2026-02-15T12:26:51.987+05:30 DEBUG 26728 --- [ODOP] [io-50982-exec-7] o.s.d.m.r.query.MongoQueryCreator        : Created query Query: { "$or" : [{ "emailAddress" : "customer3-mlne763c@odop.demo"}, { "contactNumber" : 910200203}]}, Fields: {}, Sort: {}
2026-02-15T12:26:51.987+05:30 DEBUG 26728 --- [ODOP] [io-50982-exec-7] o.s.data.mongodb.core.MongoTemplate      : Executing count: { "$or" : [{ "emailAddress" : "customer3-mlne763c@odop.demo"}, { "contactNumber" : 910200203}]} in collection: customers
DEBUG [Service]: Repository returned: true
DEBUG [Filter shouldNotFilter]: URI: /odop/customer/create_account, shouldSkip: true
DEBUG [Filter shouldNotFilter]: URI: /odop/customer/create_account, shouldSkip: true
DEBUG [Service]: existsByEmailAddressOrContactNumber called
DEBUG [Service]: Email: customer4-mlne763c@odop.demo, Phone: 910200204
2026-02-15T12:26:51.995+05:30 DEBUG 26728 --- [ODOP] [io-50982-exec-8] o.s.d.m.r.query.MongoQueryCreator        : Created query Query: { "$or" : [{ "emailAddress" : "customer4-mlne763c@odop.demo"}, { "contactNumber" : 910200204}]}, Fields: {}, Sort: {}
2026-02-15T12:26:51.995+05:30 DEBUG 26728 --- [ODOP] [io-50982-exec-8] o.s.data.mongodb.core.MongoTemplate      : Executing count: { "$or" : [{ "emailAddress" : "customer4-mlne763c@odop.demo"}, { "contactNumber" : 910200204}]} in collection: customers
DEBUG [Service]: Repository returned: true
DEBUG [Filter shouldNotFilter]: URI: /odop/customer/create_account, shouldSkip: true
DEBUG [Filter shouldNotFilter]: URI: /odop/customer/create_account, shouldSkip: true
DEBUG [Service]: existsByEmailAddressOrContactNumber called
DEBUG [Service]: Email: customer5-mlne763c@odop.demo, Phone: 910200205
2026-02-15T12:26:52.003+05:30 DEBUG 26728 --- [ODOP] [io-50982-exec-9] o.s.d.m.r.query.MongoQueryCreator        : Created query Query: { "$or" : [{ "emailAddress" : "customer5-mlne763c@odop.demo"}, { "contactNumber" : 910200205}]}, Fields: {}, Sort: {}
2026-02-15T12:26:52.003+05:30 DEBUG 26728 --- [ODOP] [io-50982-exec-9] o.s.data.mongodb.core.MongoTemplate      : Executing count: { "$or" : [{ "emailAddress" : "customer5-mlne763c@odop.demo"}, { "contactNumber" : 910200205}]} in collection: customers
DEBUG [Service]: Repository returned: true
DEBUG [Filter shouldNotFilter]: URI: /odop/customer/create_account, shouldSkip: true
DEBUG [Filter shouldNotFilter]: URI: /odop/customer/create_account, shouldSkip: true
DEBUG [Service]: existsByEmailAddressOrContactNumber called
DEBUG [Service]: Email: customer6-mlne763c@odop.demo, Phone: 910200206
2026-02-15T12:26:52.014+05:30 DEBUG 26728 --- [ODOP] [o-50982-exec-10] o.s.d.m.r.query.MongoQueryCreator        : Created query Query: { "$or" : [{ "emailAddress" : "customer6-mlne763c@odop.demo"}, { "contactNumber" : 910200206}]}, Fields: {}, Sort: {}
2026-02-15T12:26:52.014+05:30 DEBUG 26728 --- [ODOP] [o-50982-exec-10] o.s.data.mongodb.core.MongoTemplate      : Executing count: { "$or" : [{ "emailAddress" : "customer6-mlne763c@odop.demo"}, { "contactNumber" : 910200206}]} in collection: customers
DEBUG [Service]: Repository returned: true
DEBUG [Filter shouldNotFilter]: URI: /odop/customer/create_account, shouldSkip: true
DEBUG [Filter shouldNotFilter]: URI: /odop/customer/create_account, shouldSkip: true
DEBUG [Service]: existsByEmailAddressOrContactNumber called
DEBUG [Service]: Email: customer7-mlne763c@odop.demo, Phone: 910200207
2026-02-15T12:26:52.021+05:30 DEBUG 26728 --- [ODOP] [io-50982-exec-1] o.s.d.m.r.query.MongoQueryCreator        : Created query Query: { "$or" : [{ "emailAddress" : "customer7-mlne763c@odop.demo"}, { "contactNumber" : 910200207}]}, Fields: {}, Sort: {}
2026-02-15T12:26:52.022+05:30 DEBUG 26728 --- [ODOP] [io-50982-exec-1] o.s.data.mongodb.core.MongoTemplate      : Executing count: { "$or" : [{ "emailAddress" : "customer7-mlne763c@odop.demo"}, { "contactNumber" : 910200207}]} in collection: customers
DEBUG [Service]: Repository returned: true
DEBUG [Filter shouldNotFilter]: URI: /odop/customer/create_account, shouldSkip: true
DEBUG [Filter shouldNotFilter]: URI: /odop/customer/create_account, shouldSkip: true
DEBUG [Service]: existsByEmailAddressOrContactNumber called
DEBUG [Service]: Email: customer8-mlne763c@odop.demo, Phone: 910200208
2026-02-15T12:26:52.029+05:30 DEBUG 26728 --- [ODOP] [io-50982-exec-2] o.s.d.m.r.query.MongoQueryCreator        : Created query Query: { "$or" : [{ "emailAddress" : "customer8-mlne763c@odop.demo"}, { "contactNumber" : 910200208}]}, Fields: {}, Sort: {}
2026-02-15T12:26:52.030+05:30 DEBUG 26728 --- [ODOP] [io-50982-exec-2] o.s.data.mongodb.core.MongoTemplate      : Executing count: { "$or" : [{ "emailAddress" : "customer8-mlne763c@odop.demo"}, { "contactNumber" : 910200208}]} in collection: customers
DEBUG [Service]: Repository returned: true
DEBUG [Filter shouldNotFilter]: URI: /odop/customer/create_account, shouldSkip: true
DEBUG [Filter shouldNotFilter]: URI: /odop/customer/create_account, shouldSkip: true
DEBUG [Service]: existsByEmailAddressOrContactNumber called
DEBUG [Service]: Email: customer9-mlne763c@odop.demo, Phone: 910200209
2026-02-15T12:26:52.038+05:30 DEBUG 26728 --- [ODOP] [io-50982-exec-4] o.s.d.m.r.query.MongoQueryCreator        : Created query Query: { "$or" : [{ "emailAddress" : "customer9-mlne763c@odop.demo"}, { "contactNumber" : 910200209}]}, Fields: {}, Sort: {}
2026-02-15T12:26:52.038+05:30 DEBUG 26728 --- [ODOP] [io-50982-exec-4] o.s.data.mongodb.core.MongoTemplate      : Executing count: { "$or" : [{ "emailAddress" : "customer9-mlne763c@odop.demo"}, { "contactNumber" : 910200209}]} in collection: customers
DEBUG [Service]: Repository returned: true
DEBUG [Filter shouldNotFilter]: URI: /odop/customer/create_account, shouldSkip: true
DEBUG [Filter shouldNotFilter]: URI: /odop/customer/create_account, shouldSkip: true
DEBUG [Service]: existsByEmailAddressOrContactNumber called
DEBUG [Service]: Email: customer10-mlne763c@odop.demo, Phone: 910200210
2026-02-15T12:26:52.045+05:30 DEBUG 26728 --- [ODOP] [io-50982-exec-3] o.s.d.m.r.query.MongoQueryCreator        : Created query Query: { "$or" : [{ "emailAddress" : "customer10-mlne763c@odop.demo"}, { "contactNumber" : 910200210}]}, Fields: {}, Sort: {}
2026-02-15T12:26:52.045+05:30 DEBUG 26728 --- [ODOP] [io-50982-exec-3] o.s.data.mongodb.core.MongoTemplate      : Executing count: { "$or" : [{ "emailAddress" : "customer10-mlne763c@odop.demo"}, { "contactNumber" : 910200210}]} in collection: customers
DEBUG [Service]: Repository returned: true
DEBUG [Filter shouldNotFilter]: URI: /odop/vendor/create_account, shouldSkip: true
DEBUG [Filter shouldNotFilter]: URI: /odop/vendor/create_account, shouldSkip: true
2026-02-15T12:26:52.121+05:30  INFO 26728 --- [ODOP] [io-50982-exec-5] com.odop.root.services.VendorService     : Setting ROLE_VENDOR for vendor: vendor1-mlne763c@odop.demo
2026-02-15T12:26:52.121+05:30  INFO 26728 --- [ODOP] [io-50982-exec-5] com.odop.root.services.VendorService     : Vendor roles before save: [ROLE_VENDOR]
2026-02-15T12:26:52.122+05:30 DEBUG 26728 --- [ODOP] [io-50982-exec-5] o.s.data.mongodb.core.MongoTemplate      : Saving Document containing fields: [_id, shoppeeName, shopkeeperName, emailAddress, password, contactNumber, shoppeeAddress, locationDistrict, locationState, pinCode, businessRegistryNumber, returnPolicy, termsAndServiceAgreement, profilePictureUrl, websiteUrl, status, verified, deliveryAvailable, deliveryCharges, vendorType, shopDescription, freeDeliveryAbove, roles, createdAt, updatedAt, _class]
2026-02-15T12:26:52.123+05:30  INFO 26728 --- [ODOP] [io-50982-exec-5] com.odop.root.services.VendorService     : Saved vendor roles: [ROLE_VENDOR]
DEBUG [Filter shouldNotFilter]: URI: /odop/vendor/create_account, shouldSkip: true
DEBUG [Filter shouldNotFilter]: URI: /odop/vendor/create_account, shouldSkip: true
2026-02-15T12:26:52.276+05:30  INFO 26728 --- [ODOP] [io-50982-exec-6] com.odop.root.services.VendorService     : Setting ROLE_VENDOR for vendor: vendor2-mlne763c@odop.demo
2026-02-15T12:26:52.276+05:30  INFO 26728 --- [ODOP] [io-50982-exec-6] com.odop.root.services.VendorService     : Vendor roles before save: [ROLE_VENDOR]
2026-02-15T12:26:52.277+05:30 DEBUG 26728 --- [ODOP] [io-50982-exec-6] o.s.data.mongodb.core.MongoTemplate      : Saving Document containing fields: [_id, shoppeeName, shopkeeperName, emailAddress, password, contactNumber, shoppeeAddress, locationDistrict, locationState, pinCode, businessRegistryNumber, returnPolicy, termsAndServiceAgreement, profilePictureUrl, websiteUrl, status, verified, deliveryAvailable, deliveryCharges, vendorType, shopDescription, freeDeliveryAbove, roles, createdAt, updatedAt, _class]
2026-02-15T12:26:52.278+05:30  INFO 26728 --- [ODOP] [io-50982-exec-6] com.odop.root.services.VendorService     : Saved vendor roles: [ROLE_VENDOR]
DEBUG [Filter shouldNotFilter]: URI: /odop/vendor/create_account, shouldSkip: true
DEBUG [Filter shouldNotFilter]: URI: /odop/vendor/create_account, shouldSkip: true
2026-02-15T12:26:52.429+05:30  INFO 26728 --- [ODOP] [io-50982-exec-7] com.odop.root.services.VendorService     : Setting ROLE_VENDOR for vendor: vendor3-mlne763c@odop.demo
2026-02-15T12:26:52.430+05:30  INFO 26728 --- [ODOP] [io-50982-exec-7] com.odop.root.services.VendorService     : Vendor roles before save: [ROLE_VENDOR]
2026-02-15T12:26:52.430+05:30 DEBUG 26728 --- [ODOP] [io-50982-exec-7] o.s.data.mongodb.core.MongoTemplate      : Saving Document containing fields: [_id, shoppeeName, shopkeeperName, emailAddress, password, contactNumber, shoppeeAddress, locationDistrict, locationState, pinCode, businessRegistryNumber, returnPolicy, termsAndServiceAgreement, profilePictureUrl, websiteUrl, status, verified, deliveryAvailable, deliveryCharges, vendorType, shopDescription, freeDeliveryAbove, roles, createdAt, updatedAt, _class]
2026-02-15T12:26:52.432+05:30  INFO 26728 --- [ODOP] [io-50982-exec-7] com.odop.root.services.VendorService     : Saved vendor roles: [ROLE_VENDOR]
DEBUG [Filter shouldNotFilter]: URI: /odop/vendor/create_account, shouldSkip: true
DEBUG [Filter shouldNotFilter]: URI: /odop/vendor/create_account, shouldSkip: true
2026-02-15T12:26:52.589+05:30  INFO 26728 --- [ODOP] [io-50982-exec-8] com.odop.root.services.VendorService     : Setting ROLE_VENDOR for vendor: vendor4-mlne763c@odop.demo
2026-02-15T12:26:52.589+05:30  INFO 26728 --- [ODOP] [io-50982-exec-8] com.odop.root.services.VendorService     : Vendor roles before save: [ROLE_VENDOR]
2026-02-15T12:26:52.590+05:30 DEBUG 26728 --- [ODOP] [io-50982-exec-8] o.s.data.mongodb.core.MongoTemplate      : Saving Document containing fields: [_id, shoppeeName, shopkeeperName, emailAddress, password, contactNumber, shoppeeAddress, locationDistrict, locationState, pinCode, businessRegistryNumber, returnPolicy, termsAndServiceAgreement, profilePictureUrl, websiteUrl, status, verified, deliveryAvailable, deliveryCharges, vendorType, shopDescription, freeDeliveryAbove, roles, createdAt, updatedAt, _class]
2026-02-15T12:26:52.591+05:30  INFO 26728 --- [ODOP] [io-50982-exec-8] com.odop.root.services.VendorService     : Saved vendor roles: [ROLE_VENDOR]
DEBUG [Filter shouldNotFilter]: URI: /odop/vendor/create_account, shouldSkip: true
DEBUG [Filter shouldNotFilter]: URI: /odop/vendor/create_account, shouldSkip: true
2026-02-15T12:26:52.755+05:30  INFO 26728 --- [ODOP] [io-50982-exec-9] com.odop.root.services.VendorService     : Setting ROLE_VENDOR for vendor: vendor5-mlne763c@odop.demo
2026-02-15T12:26:52.755+05:30  INFO 26728 --- [ODOP] [io-50982-exec-9] com.odop.root.services.VendorService     : Vendor roles before save: [ROLE_VENDOR]
2026-02-15T12:26:52.756+05:30 DEBUG 26728 --- [ODOP] [io-50982-exec-9] o.s.data.mongodb.core.MongoTemplate      : Saving Document containing fields: [_id, shoppeeName, shopkeeperName, emailAddress, password, contactNumber, shoppeeAddress, locationDistrict, locationState, pinCode, businessRegistryNumber, returnPolicy, termsAndServiceAgreement, profilePictureUrl, websiteUrl, status, verified, deliveryAvailable, deliveryCharges, vendorType, shopDescription, freeDeliveryAbove, roles, createdAt, updatedAt, _class]
2026-02-15T12:26:52.757+05:30  INFO 26728 --- [ODOP] [io-50982-exec-9] com.odop.root.services.VendorService     : Saved vendor roles: [ROLE_VENDOR]
DEBUG [Filter shouldNotFilter]: URI: /odop/vendor/create_account, shouldSkip: true
DEBUG [Filter shouldNotFilter]: URI: /odop/vendor/create_account, shouldSkip: true
2026-02-15T12:26:52.914+05:30  INFO 26728 --- [ODOP] [o-50982-exec-10] com.odop.root.services.VendorService     : Setting ROLE_VENDOR for vendor: vendor6-mlne763c@odop.demo
2026-02-15T12:26:52.914+05:30  INFO 26728 --- [ODOP] [o-50982-exec-10] com.odop.root.services.VendorService     : Vendor roles before save: [ROLE_VENDOR]
2026-02-15T12:26:52.914+05:30 DEBUG 26728 --- [ODOP] [o-50982-exec-10] o.s.data.mongodb.core.MongoTemplate      : Saving Document containing fields: [_id, shoppeeName, shopkeeperName, emailAddress, password, contactNumber, shoppeeAddress, locationDistrict, locationState, pinCode, businessRegistryNumber, returnPolicy, termsAndServiceAgreement, profilePictureUrl, websiteUrl, status, verified, deliveryAvailable, deliveryCharges, vendorType, shopDescription, freeDeliveryAbove, roles, createdAt, updatedAt, _class]
2026-02-15T12:26:52.917+05:30  INFO 26728 --- [ODOP] [o-50982-exec-10] com.odop.root.services.VendorService     : Saved vendor roles: [ROLE_VENDOR]
DEBUG [Filter shouldNotFilter]: URI: /odop/vendor/create_account, shouldSkip: true
DEBUG [Filter shouldNotFilter]: URI: /odop/vendor/create_account, shouldSkip: true
2026-02-15T12:26:53.084+05:30  INFO 26728 --- [ODOP] [io-50982-exec-1] com.odop.root.services.VendorService     : Setting ROLE_VENDOR for vendor: vendor7-mlne763c@odop.demo
2026-02-15T12:26:53.084+05:30  INFO 26728 --- [ODOP] [io-50982-exec-1] com.odop.root.services.VendorService     : Vendor roles before save: [ROLE_VENDOR]
2026-02-15T12:26:53.086+05:30 DEBUG 26728 --- [ODOP] [io-50982-exec-1] o.s.data.mongodb.core.MongoTemplate      : Saving Document containing fields: [_id, shoppeeName, shopkeeperName, emailAddress, password, contactNumber, shoppeeAddress, locationDistrict, locationState, pinCode, businessRegistryNumber, returnPolicy, termsAndServiceAgreement, profilePictureUrl, websiteUrl, status, verified, deliveryAvailable, deliveryCharges, vendorType, shopDescription, freeDeliveryAbove, roles, createdAt, updatedAt, _class]
2026-02-15T12:26:53.087+05:30  INFO 26728 --- [ODOP] [io-50982-exec-1] com.odop.root.services.VendorService     : Saved vendor roles: [ROLE_VENDOR]
DEBUG [Filter shouldNotFilter]: URI: /odop/vendor/create_account, shouldSkip: true
DEBUG [Filter shouldNotFilter]: URI: /odop/vendor/create_account, shouldSkip: true
2026-02-15T12:26:53.244+05:30  INFO 26728 --- [ODOP] [io-50982-exec-2] com.odop.root.services.VendorService     : Setting ROLE_VENDOR for vendor: vendor8-mlne763c@odop.demo
2026-02-15T12:26:53.244+05:30  INFO 26728 --- [ODOP] [io-50982-exec-2] com.odop.root.services.VendorService     : Vendor roles before save: [ROLE_VENDOR]
2026-02-15T12:26:53.245+05:30 DEBUG 26728 --- [ODOP] [io-50982-exec-2] o.s.data.mongodb.core.MongoTemplate      : Saving Document containing fields: [_id, shoppeeName, shopkeeperName, emailAddress, password, contactNumber, shoppeeAddress, locationDistrict, locationState, pinCode, businessRegistryNumber, returnPolicy, termsAndServiceAgreement, profilePictureUrl, websiteUrl, status, verified, deliveryAvailable, deliveryCharges, vendorType, shopDescription, freeDeliveryAbove, roles, createdAt, updatedAt, _class]
2026-02-15T12:26:53.246+05:30  INFO 26728 --- [ODOP] [io-50982-exec-2] com.odop.root.services.VendorService     : Saved vendor roles: [ROLE_VENDOR]
DEBUG [Filter shouldNotFilter]: URI: /odop/vendor/create_account, shouldSkip: true
DEBUG [Filter shouldNotFilter]: URI: /odop/vendor/create_account, shouldSkip: true
2026-02-15T12:26:53.416+05:30  INFO 26728 --- [ODOP] [io-50982-exec-4] com.odop.root.services.VendorService     : Setting ROLE_VENDOR for vendor: vendor9-mlne763c@odop.demo
2026-02-15T12:26:53.416+05:30  INFO 26728 --- [ODOP] [io-50982-exec-4] com.odop.root.services.VendorService     : Vendor roles before save: [ROLE_VENDOR]
2026-02-15T12:26:53.417+05:30 DEBUG 26728 --- [ODOP] [io-50982-exec-4] o.s.data.mongodb.core.MongoTemplate      : Saving Document containing fields: [_id, shoppeeName, shopkeeperName, emailAddress, password, contactNumber, shoppeeAddress, locationDistrict, locationState, pinCode, businessRegistryNumber, returnPolicy, termsAndServiceAgreement, profilePictureUrl, websiteUrl, status, verified, deliveryAvailable, deliveryCharges, vendorType, shopDescription, freeDeliveryAbove, roles, createdAt, updatedAt, _class]
2026-02-15T12:26:53.418+05:30  INFO 26728 --- [ODOP] [io-50982-exec-4] com.odop.root.services.VendorService     : Saved vendor roles: [ROLE_VENDOR]
DEBUG [Filter shouldNotFilter]: URI: /odop/vendor/create_account, shouldSkip: true
DEBUG [Filter shouldNotFilter]: URI: /odop/vendor/create_account, shouldSkip: true
2026-02-15T12:26:53.581+05:30  INFO 26728 --- [ODOP] [io-50982-exec-3] com.odop.root.services.VendorService     : Setting ROLE_VENDOR for vendor: vendor10-mlne763c@odop.demo
2026-02-15T12:26:53.581+05:30  INFO 26728 --- [ODOP] [io-50982-exec-3] com.odop.root.services.VendorService     : Vendor roles before save: [ROLE_VENDOR]
2026-02-15T12:26:53.582+05:30 DEBUG 26728 --- [ODOP] [io-50982-exec-3] o.s.data.mongodb.core.MongoTemplate      : Saving Document containing fields: [_id, shoppeeName, shopkeeperName, emailAddress, password, contactNumber, shoppeeAddress, locationDistrict, locationState, pinCode, businessRegistryNumber, returnPolicy, termsAndServiceAgreement, profilePictureUrl, websiteUrl, status, verified, deliveryAvailable, deliveryCharges, vendorType, shopDescription, freeDeliveryAbove, roles, createdAt, updatedAt, _class]
2026-02-15T12:26:53.582+05:30  INFO 26728 --- [ODOP] [io-50982-exec-3] com.odop.root.services.VendorService     : Saved vendor roles: [ROLE_VENDOR]
DEBUG [Filter shouldNotFilter]: URI: /authenticate, shouldSkip: true
DEBUG [Filter shouldNotFilter]: URI: /authenticate, shouldSkip: true
2026-02-15T12:26:53.716+05:30  INFO 26728 --- [ODOP] [io-50982-exec-5] c.odop.root.controller.AuthController    : Authentication request received for username: [PROTECTED], role: admin
2026-02-15T12:26:53.716+05:30 DEBUG 26728 --- [ODOP] [io-50982-exec-5] o.s.d.m.r.query.MongoQueryCreator        : Created query Query: { "emailAddress" : "admin1-mlne763c@odop.demo"}, Fields: {}, Sort: {}
2026-02-15T12:26:53.718+05:30 DEBUG 26728 --- [ODOP] [io-50982-exec-5] o.s.data.mongodb.core.MongoTemplate      : find using query: { "emailAddress" : "admin1-mlne763c@odop.demo"} fields: Document{{}} for class: class com.odop.root.models.Admin in collection: admins
2026-02-15T12:26:53.812+05:30  INFO 26728 --- [ODOP] [io-50982-exec-5] c.odop.root.controller.AuthController    : JWT token generated successfully for: [PROTECTED]
DEBUG [Filter shouldNotFilter]: URI: /authenticate, shouldSkip: true
DEBUG [Filter shouldNotFilter]: URI: /authenticate, shouldSkip: true
2026-02-15T12:26:53.823+05:30  INFO 26728 --- [ODOP] [io-50982-exec-6] c.odop.root.controller.AuthController    : Authentication request received for username: [PROTECTED], role: customer
2026-02-15T12:26:53.823+05:30 DEBUG 26728 --- [ODOP] [io-50982-exec-6] o.s.d.m.r.query.MongoQueryCreator        : Created query Query: { "emailAddress" : "customer1-mlne763c@odop.demo"}, Fields: {}, Sort: {}
2026-02-15T12:26:53.824+05:30 DEBUG 26728 --- [ODOP] [io-50982-exec-6] o.s.data.mongodb.core.MongoTemplate      : find using query: { "emailAddress" : "customer1-mlne763c@odop.demo"} fields: Document{{}} for class: class com.odop.root.models.Customer in collection: customers
2026-02-15T12:26:53.825+05:30  WARN 26728 --- [ODOP] [io-50982-exec-6] c.odop.root.controller.AuthController    : No user found for username: customer1-mlne763c@odop.demo
2026-02-15T12:26:53.827+05:30 ERROR 26728 --- [ODOP] [io-50982-exec-6] c.odop.root.controller.AuthController    : Authentication error: 401 UNAUTHORIZED "Incorrect username or password"
DEBUG [Filter shouldNotFilter]: URI: /odop/admin/create_account, shouldSkip: true
DEBUG [Filter shouldNotFilter]: URI: /odop/admin/create_account, shouldSkip: true
2026-02-15T12:27:32.161+05:30 DEBUG 26728 --- [ODOP] [io-50982-exec-8] o.s.data.mongodb.core.MongoTemplate      : Saving Document containing fields: [_id, fullName, emailAddress, password, contactNumber, positionAndRole, active, authorizationKey, roles, createdAt, updatedAt, _class]
DEBUG [Filter shouldNotFilter]: URI: /odop/admin/create_account, shouldSkip: true
DEBUG [Filter shouldNotFilter]: URI: /odop/admin/create_account, shouldSkip: true
2026-02-15T12:27:32.328+05:30 DEBUG 26728 --- [ODOP] [io-50982-exec-9] o.s.data.mongodb.core.MongoTemplate      : Saving Document containing fields: [_id, fullName, emailAddress, password, contactNumber, positionAndRole, active, authorizationKey, roles, createdAt, updatedAt, _class]
DEBUG [Filter shouldNotFilter]: URI: /odop/admin/create_account, shouldSkip: true
DEBUG [Filter shouldNotFilter]: URI: /odop/admin/create_account, shouldSkip: true
2026-02-15T12:27:32.492+05:30 DEBUG 26728 --- [ODOP] [o-50982-exec-10] o.s.data.mongodb.core.MongoTemplate      : Saving Document containing fields: [_id, fullName, emailAddress, password, contactNumber, positionAndRole, active, authorizationKey, roles, createdAt, updatedAt, _class]
DEBUG [Filter shouldNotFilter]: URI: /odop/admin/create_account, shouldSkip: true
DEBUG [Filter shouldNotFilter]: URI: /odop/admin/create_account, shouldSkip: true
2026-02-15T12:27:32.659+05:30 DEBUG 26728 --- [ODOP] [io-50982-exec-1] o.s.data.mongodb.core.MongoTemplate      : Saving Document containing fields: [_id, fullName, emailAddress, password, contactNumber, positionAndRole, active, authorizationKey, roles, createdAt, updatedAt, _class]
DEBUG [Filter shouldNotFilter]: URI: /odop/admin/create_account, shouldSkip: true
DEBUG [Filter shouldNotFilter]: URI: /odop/admin/create_account, shouldSkip: true
2026-02-15T12:27:32.829+05:30 DEBUG 26728 --- [ODOP] [io-50982-exec-2] o.s.data.mongodb.core.MongoTemplate      : Saving Document containing fields: [_id, fullName, emailAddress, password, contactNumber, positionAndRole, active, authorizationKey, roles, createdAt, updatedAt, _class]
DEBUG [Filter shouldNotFilter]: URI: /odop/admin/create_account, shouldSkip: true
DEBUG [Filter shouldNotFilter]: URI: /odop/admin/create_account, shouldSkip: true
2026-02-15T12:27:32.989+05:30 DEBUG 26728 --- [ODOP] [io-50982-exec-4] o.s.data.mongodb.core.MongoTemplate      : Saving Document containing fields: [_id, fullName, emailAddress, password, contactNumber, positionAndRole, active, authorizationKey, roles, createdAt, updatedAt, _class]
DEBUG [Filter shouldNotFilter]: URI: /odop/admin/create_account, shouldSkip: true
DEBUG [Filter shouldNotFilter]: URI: /odop/admin/create_account, shouldSkip: true
2026-02-15T12:27:33.145+05:30 DEBUG 26728 --- [ODOP] [io-50982-exec-3] o.s.data.mongodb.core.MongoTemplate      : Saving Document containing fields: [_id, fullName, emailAddress, password, contactNumber, positionAndRole, active, authorizationKey, roles, createdAt, updatedAt, _class]
DEBUG [Filter shouldNotFilter]: URI: /odop/admin/create_account, shouldSkip: true
DEBUG [Filter shouldNotFilter]: URI: /odop/admin/create_account, shouldSkip: true
2026-02-15T12:27:33.298+05:30 DEBUG 26728 --- [ODOP] [io-50982-exec-5] o.s.data.mongodb.core.MongoTemplate      : Saving Document containing fields: [_id, fullName, emailAddress, password, contactNumber, positionAndRole, active, authorizationKey, roles, createdAt, updatedAt, _class]
DEBUG [Filter shouldNotFilter]: URI: /odop/admin/create_account, shouldSkip: true
DEBUG [Filter shouldNotFilter]: URI: /odop/admin/create_account, shouldSkip: true
2026-02-15T12:27:33.453+05:30 DEBUG 26728 --- [ODOP] [io-50982-exec-6] o.s.data.mongodb.core.MongoTemplate      : Saving Document containing fields: [_id, fullName, emailAddress, password, contactNumber, positionAndRole, active, authorizationKey, roles, createdAt, updatedAt, _class]
DEBUG [Filter shouldNotFilter]: URI: /odop/admin/create_account, shouldSkip: true
DEBUG [Filter shouldNotFilter]: URI: /odop/admin/create_account, shouldSkip: true
2026-02-15T12:27:33.603+05:30 DEBUG 26728 --- [ODOP] [io-50982-exec-7] o.s.data.mongodb.core.MongoTemplate      : Saving Document containing fields: [_id, fullName, emailAddress, password, contactNumber, positionAndRole, active, authorizationKey, roles, createdAt, updatedAt, _class]
DEBUG [Filter shouldNotFilter]: URI: /odop/customer/create_account, shouldSkip: true
DEBUG [Filter shouldNotFilter]: URI: /odop/customer/create_account, shouldSkip: true
DEBUG [Service]: existsByEmailAddressOrContactNumber called
DEBUG [Service]: Email: customer1-mlne829d@odop.demo, Phone: 9300170001
2026-02-15T12:27:33.695+05:30 DEBUG 26728 --- [ODOP] [io-50982-exec-8] o.s.d.m.r.query.MongoQueryCreator        : Created query Query: { "$or" : [{ "emailAddress" : "customer1-mlne829d@odop.demo"}, { "contactNumber" : 9300170001}]}, Fields: {}, Sort: {}
2026-02-15T12:27:33.696+05:30 DEBUG 26728 --- [ODOP] [io-50982-exec-8] o.s.data.mongodb.core.MongoTemplate      : Executing count: { "$or" : [{ "emailAddress" : "customer1-mlne829d@odop.demo"}, { "contactNumber" : 9300170001}]} in collection: customers
DEBUG [Service]: Repository returned: false
2026-02-15T12:27:33.764+05:30 DEBUG 26728 --- [ODOP] [io-50982-exec-8] o.s.data.mongodb.core.MongoTemplate      : Saving Document containing fields: [_id, fullName, emailAddress, password, contactNumber, address, city, state, pinCode, roles, status, createdAt, updatedAt, _class]
DEBUG [Filter shouldNotFilter]: URI: /odop/customer/create_account, shouldSkip: true
DEBUG [Filter shouldNotFilter]: URI: /odop/customer/create_account, shouldSkip: true
DEBUG [Service]: existsByEmailAddressOrContactNumber called
DEBUG [Service]: Email: customer2-mlne829d@odop.demo, Phone: 9300170002
2026-02-15T12:27:33.867+05:30 DEBUG 26728 --- [ODOP] [io-50982-exec-9] o.s.d.m.r.query.MongoQueryCreator        : Created query Query: { "$or" : [{ "emailAddress" : "customer2-mlne829d@odop.demo"}, { "contactNumber" : 9300170002}]}, Fields: {}, Sort: {}
2026-02-15T12:27:33.867+05:30 DEBUG 26728 --- [ODOP] [io-50982-exec-9] o.s.data.mongodb.core.MongoTemplate      : Executing count: { "$or" : [{ "emailAddress" : "customer2-mlne829d@odop.demo"}, { "contactNumber" : 9300170002}]} in collection: customers
DEBUG [Service]: Repository returned: false
2026-02-15T12:27:33.936+05:30 DEBUG 26728 --- [ODOP] [io-50982-exec-9] o.s.data.mongodb.core.MongoTemplate      : Saving Document containing fields: [_id, fullName, emailAddress, password, contactNumber, address, city, state, pinCode, roles, status, createdAt, updatedAt, _class]
DEBUG [Filter shouldNotFilter]: URI: /odop/customer/create_account, shouldSkip: true
DEBUG [Filter shouldNotFilter]: URI: /odop/customer/create_account, shouldSkip: true
DEBUG [Service]: existsByEmailAddressOrContactNumber called
DEBUG [Service]: Email: customer3-mlne829d@odop.demo, Phone: 9300170003
2026-02-15T12:27:34.024+05:30 DEBUG 26728 --- [ODOP] [o-50982-exec-10] o.s.d.m.r.query.MongoQueryCreator        : Created query Query: { "$or" : [{ "emailAddress" : "customer3-mlne829d@odop.demo"}, { "contactNumber" : 9300170003}]}, Fields: {}, Sort: {}
2026-02-15T12:27:34.024+05:30 DEBUG 26728 --- [ODOP] [o-50982-exec-10] o.s.data.mongodb.core.MongoTemplate      : Executing count: { "$or" : [{ "emailAddress" : "customer3-mlne829d@odop.demo"}, { "contactNumber" : 9300170003}]} in collection: customers
DEBUG [Service]: Repository returned: false
2026-02-15T12:27:34.092+05:30 DEBUG 26728 --- [ODOP] [o-50982-exec-10] o.s.data.mongodb.core.MongoTemplate      : Saving Document containing fields: [_id, fullName, emailAddress, password, contactNumber, address, city, state, pinCode, roles, status, createdAt, updatedAt, _class]
DEBUG [Filter shouldNotFilter]: URI: /odop/customer/create_account, shouldSkip: true
DEBUG [Filter shouldNotFilter]: URI: /odop/customer/create_account, shouldSkip: true
DEBUG [Service]: existsByEmailAddressOrContactNumber called
DEBUG [Service]: Email: customer4-mlne829d@odop.demo, Phone: 9300170004
2026-02-15T12:27:34.179+05:30 DEBUG 26728 --- [ODOP] [io-50982-exec-1] o.s.d.m.r.query.MongoQueryCreator        : Created query Query: { "$or" : [{ "emailAddress" : "customer4-mlne829d@odop.demo"}, { "contactNumber" : 9300170004}]}, Fields: {}, Sort: {}
2026-02-15T12:27:34.179+05:30 DEBUG 26728 --- [ODOP] [io-50982-exec-1] o.s.data.mongodb.core.MongoTemplate      : Executing count: { "$or" : [{ "emailAddress" : "customer4-mlne829d@odop.demo"}, { "contactNumber" : 9300170004}]} in collection: customers
DEBUG [Service]: Repository returned: false
2026-02-15T12:27:34.247+05:30 DEBUG 26728 --- [ODOP] [io-50982-exec-1] o.s.data.mongodb.core.MongoTemplate      : Saving Document containing fields: [_id, fullName, emailAddress, password, contactNumber, address, city, state, pinCode, roles, status, createdAt, updatedAt, _class]
DEBUG [Filter shouldNotFilter]: URI: /odop/customer/create_account, shouldSkip: true
DEBUG [Filter shouldNotFilter]: URI: /odop/customer/create_account, shouldSkip: true
DEBUG [Service]: existsByEmailAddressOrContactNumber called
DEBUG [Service]: Email: customer5-mlne829d@odop.demo, Phone: 9300170005
2026-02-15T12:27:34.335+05:30 DEBUG 26728 --- [ODOP] [io-50982-exec-2] o.s.d.m.r.query.MongoQueryCreator        : Created query Query: { "$or" : [{ "emailAddress" : "customer5-mlne829d@odop.demo"}, { "contactNumber" : 9300170005}]}, Fields: {}, Sort: {}
2026-02-15T12:27:34.336+05:30 DEBUG 26728 --- [ODOP] [io-50982-exec-2] o.s.data.mongodb.core.MongoTemplate      : Executing count: { "$or" : [{ "emailAddress" : "customer5-mlne829d@odop.demo"}, { "contactNumber" : 9300170005}]} in collection: customers
DEBUG [Service]: Repository returned: false
2026-02-15T12:27:34.406+05:30 DEBUG 26728 --- [ODOP] [io-50982-exec-2] o.s.data.mongodb.core.MongoTemplate      : Saving Document containing fields: [_id, fullName, emailAddress, password, contactNumber, address, city, state, pinCode, roles, status, createdAt, updatedAt, _class]
DEBUG [Filter shouldNotFilter]: URI: /odop/customer/create_account, shouldSkip: true
DEBUG [Filter shouldNotFilter]: URI: /odop/customer/create_account, shouldSkip: true
DEBUG [Service]: existsByEmailAddressOrContactNumber called
DEBUG [Service]: Email: customer6-mlne829d@odop.demo, Phone: 9300170006
2026-02-15T12:27:34.505+05:30 DEBUG 26728 --- [ODOP] [io-50982-exec-4] o.s.d.m.r.query.MongoQueryCreator        : Created query Query: { "$or" : [{ "emailAddress" : "customer6-mlne829d@odop.demo"}, { "contactNumber" : 9300170006}]}, Fields: {}, Sort: {}
2026-02-15T12:27:34.505+05:30 DEBUG 26728 --- [ODOP] [io-50982-exec-4] o.s.data.mongodb.core.MongoTemplate      : Executing count: { "$or" : [{ "emailAddress" : "customer6-mlne829d@odop.demo"}, { "contactNumber" : 9300170006}]} in collection: customers
DEBUG [Service]: Repository returned: false
2026-02-15T12:27:34.577+05:30 DEBUG 26728 --- [ODOP] [io-50982-exec-4] o.s.data.mongodb.core.MongoTemplate      : Saving Document containing fields: [_id, fullName, emailAddress, password, contactNumber, address, city, state, pinCode, roles, status, createdAt, updatedAt, _class]
DEBUG [Filter shouldNotFilter]: URI: /odop/customer/create_account, shouldSkip: true
DEBUG [Filter shouldNotFilter]: URI: /odop/customer/create_account, shouldSkip: true
DEBUG [Service]: existsByEmailAddressOrContactNumber called
DEBUG [Service]: Email: customer7-mlne829d@odop.demo, Phone: 9300170007
2026-02-15T12:27:34.677+05:30 DEBUG 26728 --- [ODOP] [io-50982-exec-3] o.s.d.m.r.query.MongoQueryCreator        : Created query Query: { "$or" : [{ "emailAddress" : "customer7-mlne829d@odop.demo"}, { "contactNumber" : 9300170007}]}, Fields: {}, Sort: {}
2026-02-15T12:27:34.677+05:30 DEBUG 26728 --- [ODOP] [io-50982-exec-3] o.s.data.mongodb.core.MongoTemplate      : Executing count: { "$or" : [{ "emailAddress" : "customer7-mlne829d@odop.demo"}, { "contactNumber" : 9300170007}]} in collection: customers
DEBUG [Service]: Repository returned: false
2026-02-15T12:27:34.745+05:30 DEBUG 26728 --- [ODOP] [io-50982-exec-3] o.s.data.mongodb.core.MongoTemplate      : Saving Document containing fields: [_id, fullName, emailAddress, password, contactNumber, address, city, state, pinCode, roles, status, createdAt, updatedAt, _class]
DEBUG [Filter shouldNotFilter]: URI: /odop/customer/create_account, shouldSkip: true
DEBUG [Filter shouldNotFilter]: URI: /odop/customer/create_account, shouldSkip: true
DEBUG [Service]: existsByEmailAddressOrContactNumber called
DEBUG [Service]: Email: customer8-mlne829d@odop.demo, Phone: 9300170008
2026-02-15T12:27:34.832+05:30 DEBUG 26728 --- [ODOP] [io-50982-exec-5] o.s.d.m.r.query.MongoQueryCreator        : Created query Query: { "$or" : [{ "emailAddress" : "customer8-mlne829d@odop.demo"}, { "contactNumber" : 9300170008}]}, Fields: {}, Sort: {}
2026-02-15T12:27:34.832+05:30 DEBUG 26728 --- [ODOP] [io-50982-exec-5] o.s.data.mongodb.core.MongoTemplate      : Executing count: { "$or" : [{ "emailAddress" : "customer8-mlne829d@odop.demo"}, { "contactNumber" : 9300170008}]} in collection: customers
DEBUG [Service]: Repository returned: false
2026-02-15T12:27:34.902+05:30 DEBUG 26728 --- [ODOP] [io-50982-exec-5] o.s.data.mongodb.core.MongoTemplate      : Saving Document containing fields: [_id, fullName, emailAddress, password, contactNumber, address, city, state, pinCode, roles, status, createdAt, updatedAt, _class]
DEBUG [Filter shouldNotFilter]: URI: /odop/customer/create_account, shouldSkip: true
DEBUG [Filter shouldNotFilter]: URI: /odop/customer/create_account, shouldSkip: true
DEBUG [Service]: existsByEmailAddressOrContactNumber called
DEBUG [Service]: Email: customer9-mlne829d@odop.demo, Phone: 9300170009
2026-02-15T12:27:34.988+05:30 DEBUG 26728 --- [ODOP] [io-50982-exec-6] o.s.d.m.r.query.MongoQueryCreator        : Created query Query: { "$or" : [{ "emailAddress" : "customer9-mlne829d@odop.demo"}, { "contactNumber" : 9300170009}]}, Fields: {}, Sort: {}
2026-02-15T12:27:34.988+05:30 DEBUG 26728 --- [ODOP] [io-50982-exec-6] o.s.data.mongodb.core.MongoTemplate      : Executing count: { "$or" : [{ "emailAddress" : "customer9-mlne829d@odop.demo"}, { "contactNumber" : 9300170009}]} in collection: customers
DEBUG [Service]: Repository returned: false
2026-02-15T12:27:35.057+05:30 DEBUG 26728 --- [ODOP] [io-50982-exec-6] o.s.data.mongodb.core.MongoTemplate      : Saving Document containing fields: [_id, fullName, emailAddress, password, contactNumber, address, city, state, pinCode, roles, status, createdAt, updatedAt, _class]
DEBUG [Filter shouldNotFilter]: URI: /odop/customer/create_account, shouldSkip: true
DEBUG [Filter shouldNotFilter]: URI: /odop/customer/create_account, shouldSkip: true
DEBUG [Service]: existsByEmailAddressOrContactNumber called
DEBUG [Service]: Email: customer10-mlne829d@odop.demo, Phone: 9300170010
2026-02-15T12:27:35.157+05:30 DEBUG 26728 --- [ODOP] [io-50982-exec-7] o.s.d.m.r.query.MongoQueryCreator        : Created query Query: { "$or" : [{ "emailAddress" : "customer10-mlne829d@odop.demo"}, { "contactNumber" : 9300170010}]}, Fields: {}, Sort: {}
2026-02-15T12:27:35.158+05:30 DEBUG 26728 --- [ODOP] [io-50982-exec-7] o.s.data.mongodb.core.MongoTemplate      : Executing count: { "$or" : [{ "emailAddress" : "customer10-mlne829d@odop.demo"}, { "contactNumber" : 9300170010}]} in collection: customers
DEBUG [Service]: Repository returned: false
2026-02-15T12:27:35.227+05:30 DEBUG 26728 --- [ODOP] [io-50982-exec-7] o.s.data.mongodb.core.MongoTemplate      : Saving Document containing fields: [_id, fullName, emailAddress, password, contactNumber, address, city, state, pinCode, roles, status, createdAt, updatedAt, _class]
DEBUG [Filter shouldNotFilter]: URI: /odop/vendor/create_account, shouldSkip: true
DEBUG [Filter shouldNotFilter]: URI: /odop/vendor/create_account, shouldSkip: true
2026-02-15T12:27:35.397+05:30  INFO 26728 --- [ODOP] [io-50982-exec-8] com.odop.root.services.VendorService     : Setting ROLE_VENDOR for vendor: vendor1-mlne829d@odop.demo
2026-02-15T12:27:35.397+05:30  INFO 26728 --- [ODOP] [io-50982-exec-8] com.odop.root.services.VendorService     : Vendor roles before save: [ROLE_VENDOR]
2026-02-15T12:27:35.397+05:30 DEBUG 26728 --- [ODOP] [io-50982-exec-8] o.s.data.mongodb.core.MongoTemplate      : Saving Document containing fields: [_id, shoppeeName, shopkeeperName, emailAddress, password, contactNumber, shoppeeAddress, locationDistrict, locationState, pinCode, businessRegistryNumber, returnPolicy, termsAndServiceAgreement, profilePictureUrl, websiteUrl, status, verified, deliveryAvailable, deliveryCharges, vendorType, shopDescription, freeDeliveryAbove, roles, createdAt, updatedAt, _class]
2026-02-15T12:27:35.399+05:30  INFO 26728 --- [ODOP] [io-50982-exec-8] com.odop.root.services.VendorService     : Saved vendor roles: [ROLE_VENDOR]
DEBUG [Filter shouldNotFilter]: URI: /odop/vendor/create_account, shouldSkip: true
DEBUG [Filter shouldNotFilter]: URI: /odop/vendor/create_account, shouldSkip: true
2026-02-15T12:27:35.549+05:30  INFO 26728 --- [ODOP] [io-50982-exec-9] com.odop.root.services.VendorService     : Setting ROLE_VENDOR for vendor: vendor2-mlne829d@odop.demo
2026-02-15T12:27:35.549+05:30  INFO 26728 --- [ODOP] [io-50982-exec-9] com.odop.root.services.VendorService     : Vendor roles before save: [ROLE_VENDOR]
2026-02-15T12:27:35.550+05:30 DEBUG 26728 --- [ODOP] [io-50982-exec-9] o.s.data.mongodb.core.MongoTemplate      : Saving Document containing fields: [_id, shoppeeName, shopkeeperName, emailAddress, password, contactNumber, shoppeeAddress, locationDistrict, locationState, pinCode, businessRegistryNumber, returnPolicy, termsAndServiceAgreement, profilePictureUrl, websiteUrl, status, verified, deliveryAvailable, deliveryCharges, vendorType, shopDescription, freeDeliveryAbove, roles, createdAt, updatedAt, _class]
2026-02-15T12:27:35.551+05:30  INFO 26728 --- [ODOP] [io-50982-exec-9] com.odop.root.services.VendorService     : Saved vendor roles: [ROLE_VENDOR]
DEBUG [Filter shouldNotFilter]: URI: /odop/vendor/create_account, shouldSkip: true
DEBUG [Filter shouldNotFilter]: URI: /odop/vendor/create_account, shouldSkip: true
2026-02-15T12:27:35.710+05:30  INFO 26728 --- [ODOP] [o-50982-exec-10] com.odop.root.services.VendorService     : Setting ROLE_VENDOR for vendor: vendor3-mlne829d@odop.demo
2026-02-15T12:27:35.710+05:30  INFO 26728 --- [ODOP] [o-50982-exec-10] com.odop.root.services.VendorService     : Vendor roles before save: [ROLE_VENDOR]
2026-02-15T12:27:35.711+05:30 DEBUG 26728 --- [ODOP] [o-50982-exec-10] o.s.data.mongodb.core.MongoTemplate      : Saving Document containing fields: [_id, shoppeeName, shopkeeperName, emailAddress, password, contactNumber, shoppeeAddress, locationDistrict, locationState, pinCode, businessRegistryNumber, returnPolicy, termsAndServiceAgreement, profilePictureUrl, websiteUrl, status, verified, deliveryAvailable, deliveryCharges, vendorType, shopDescription, freeDeliveryAbove, roles, createdAt, updatedAt, _class]
2026-02-15T12:27:35.713+05:30  INFO 26728 --- [ODOP] [o-50982-exec-10] com.odop.root.services.VendorService     : Saved vendor roles: [ROLE_VENDOR]
DEBUG [Filter shouldNotFilter]: URI: /odop/vendor/create_account, shouldSkip: true
DEBUG [Filter shouldNotFilter]: URI: /odop/vendor/create_account, shouldSkip: true
2026-02-15T12:27:35.877+05:30  INFO 26728 --- [ODOP] [io-50982-exec-1] com.odop.root.services.VendorService     : Setting ROLE_VENDOR for vendor: vendor4-mlne829d@odop.demo
2026-02-15T12:27:35.877+05:30  INFO 26728 --- [ODOP] [io-50982-exec-1] com.odop.root.services.VendorService     : Vendor roles before save: [ROLE_VENDOR]
2026-02-15T12:27:35.877+05:30 DEBUG 26728 --- [ODOP] [io-50982-exec-1] o.s.data.mongodb.core.MongoTemplate      : Saving Document containing fields: [_id, shoppeeName, shopkeeperName, emailAddress, password, contactNumber, shoppeeAddress, locationDistrict, locationState, pinCode, businessRegistryNumber, returnPolicy, termsAndServiceAgreement, profilePictureUrl, websiteUrl, status, verified, deliveryAvailable, deliveryCharges, vendorType, shopDescription, freeDeliveryAbove, roles, createdAt, updatedAt, _class]
2026-02-15T12:27:35.880+05:30  INFO 26728 --- [ODOP] [io-50982-exec-1] com.odop.root.services.VendorService     : Saved vendor roles: [ROLE_VENDOR]
DEBUG [Filter shouldNotFilter]: URI: /odop/vendor/create_account, shouldSkip: true
DEBUG [Filter shouldNotFilter]: URI: /odop/vendor/create_account, shouldSkip: true
2026-02-15T12:27:36.049+05:30  INFO 26728 --- [ODOP] [io-50982-exec-2] com.odop.root.services.VendorService     : Setting ROLE_VENDOR for vendor: vendor5-mlne829d@odop.demo
2026-02-15T12:27:36.049+05:30  INFO 26728 --- [ODOP] [io-50982-exec-2] com.odop.root.services.VendorService     : Vendor roles before save: [ROLE_VENDOR]
2026-02-15T12:27:36.049+05:30 DEBUG 26728 --- [ODOP] [io-50982-exec-2] o.s.data.mongodb.core.MongoTemplate      : Saving Document containing fields: [_id, shoppeeName, shopkeeperName, emailAddress, password, contactNumber, shoppeeAddress, locationDistrict, locationState, pinCode, businessRegistryNumber, returnPolicy, termsAndServiceAgreement, profilePictureUrl, websiteUrl, status, verified, deliveryAvailable, deliveryCharges, vendorType, shopDescription, freeDeliveryAbove, roles, createdAt, updatedAt, _class]
2026-02-15T12:27:36.051+05:30  INFO 26728 --- [ODOP] [io-50982-exec-2] com.odop.root.services.VendorService     : Saved vendor roles: [ROLE_VENDOR]
DEBUG [Filter shouldNotFilter]: URI: /odop/vendor/create_account, shouldSkip: true
DEBUG [Filter shouldNotFilter]: URI: /odop/vendor/create_account, shouldSkip: true
2026-02-15T12:27:36.217+05:30  INFO 26728 --- [ODOP] [io-50982-exec-4] com.odop.root.services.VendorService     : Setting ROLE_VENDOR for vendor: vendor6-mlne829d@odop.demo
2026-02-15T12:27:36.218+05:30  INFO 26728 --- [ODOP] [io-50982-exec-4] com.odop.root.services.VendorService     : Vendor roles before save: [ROLE_VENDOR]
2026-02-15T12:27:36.218+05:30 DEBUG 26728 --- [ODOP] [io-50982-exec-4] o.s.data.mongodb.core.MongoTemplate      : Saving Document containing fields: [_id, shoppeeName, shopkeeperName, emailAddress, password, contactNumber, shoppeeAddress, locationDistrict, locationState, pinCode, businessRegistryNumber, returnPolicy, termsAndServiceAgreement, profilePictureUrl, websiteUrl, status, verified, deliveryAvailable, deliveryCharges, vendorType, shopDescription, freeDeliveryAbove, roles, createdAt, updatedAt, _class]
2026-02-15T12:27:36.220+05:30  INFO 26728 --- [ODOP] [io-50982-exec-4] com.odop.root.services.VendorService     : Saved vendor roles: [ROLE_VENDOR]
DEBUG [Filter shouldNotFilter]: URI: /odop/vendor/create_account, shouldSkip: true
DEBUG [Filter shouldNotFilter]: URI: /odop/vendor/create_account, shouldSkip: true
2026-02-15T12:27:36.370+05:30  INFO 26728 --- [ODOP] [io-50982-exec-3] com.odop.root.services.VendorService     : Setting ROLE_VENDOR for vendor: vendor7-mlne829d@odop.demo
2026-02-15T12:27:36.370+05:30  INFO 26728 --- [ODOP] [io-50982-exec-3] com.odop.root.services.VendorService     : Vendor roles before save: [ROLE_VENDOR]
2026-02-15T12:27:36.371+05:30 DEBUG 26728 --- [ODOP] [io-50982-exec-3] o.s.data.mongodb.core.MongoTemplate      : Saving Document containing fields: [_id, shoppeeName, shopkeeperName, emailAddress, password, contactNumber, shoppeeAddress, locationDistrict, locationState, pinCode, businessRegistryNumber, returnPolicy, termsAndServiceAgreement, profilePictureUrl, websiteUrl, status, verified, deliveryAvailable, deliveryCharges, vendorType, shopDescription, freeDeliveryAbove, roles, createdAt, updatedAt, _class]
2026-02-15T12:27:36.371+05:30  INFO 26728 --- [ODOP] [io-50982-exec-3] com.odop.root.services.VendorService     : Saved vendor roles: [ROLE_VENDOR]
DEBUG [Filter shouldNotFilter]: URI: /odop/vendor/create_account, shouldSkip: true
DEBUG [Filter shouldNotFilter]: URI: /odop/vendor/create_account, shouldSkip: true
2026-02-15T12:27:36.528+05:30  INFO 26728 --- [ODOP] [io-50982-exec-5] com.odop.root.services.VendorService     : Setting ROLE_VENDOR for vendor: vendor8-mlne829d@odop.demo
2026-02-15T12:27:36.529+05:30  INFO 26728 --- [ODOP] [io-50982-exec-5] com.odop.root.services.VendorService     : Vendor roles before save: [ROLE_VENDOR]
2026-02-15T12:27:36.529+05:30 DEBUG 26728 --- [ODOP] [io-50982-exec-5] o.s.data.mongodb.core.MongoTemplate      : Saving Document containing fields: [_id, shoppeeName, shopkeeperName, emailAddress, password, contactNumber, shoppeeAddress, locationDistrict, locationState, pinCode, businessRegistryNumber, returnPolicy, termsAndServiceAgreement, profilePictureUrl, websiteUrl, status, verified, deliveryAvailable, deliveryCharges, vendorType, shopDescription, freeDeliveryAbove, roles, createdAt, updatedAt, _class]
2026-02-15T12:27:36.531+05:30  INFO 26728 --- [ODOP] [io-50982-exec-5] com.odop.root.services.VendorService     : Saved vendor roles: [ROLE_VENDOR]
DEBUG [Filter shouldNotFilter]: URI: /odop/vendor/create_account, shouldSkip: true
DEBUG [Filter shouldNotFilter]: URI: /odop/vendor/create_account, shouldSkip: true
2026-02-15T12:27:36.682+05:30  INFO 26728 --- [ODOP] [io-50982-exec-6] com.odop.root.services.VendorService     : Setting ROLE_VENDOR for vendor: vendor9-mlne829d@odop.demo
2026-02-15T12:27:36.682+05:30  INFO 26728 --- [ODOP] [io-50982-exec-6] com.odop.root.services.VendorService     : Vendor roles before save: [ROLE_VENDOR]
2026-02-15T12:27:36.682+05:30 DEBUG 26728 --- [ODOP] [io-50982-exec-6] o.s.data.mongodb.core.MongoTemplate      : Saving Document containing fields: [_id, shoppeeName, shopkeeperName, emailAddress, password, contactNumber, shoppeeAddress, locationDistrict, locationState, pinCode, businessRegistryNumber, returnPolicy, termsAndServiceAgreement, profilePictureUrl, websiteUrl, status, verified, deliveryAvailable, deliveryCharges, vendorType, shopDescription, freeDeliveryAbove, roles, createdAt, updatedAt, _class]
2026-02-15T12:27:36.683+05:30  INFO 26728 --- [ODOP] [io-50982-exec-6] com.odop.root.services.VendorService     : Saved vendor roles: [ROLE_VENDOR]
DEBUG [Filter shouldNotFilter]: URI: /odop/vendor/create_account, shouldSkip: true
DEBUG [Filter shouldNotFilter]: URI: /odop/vendor/create_account, shouldSkip: true
2026-02-15T12:27:36.837+05:30  INFO 26728 --- [ODOP] [io-50982-exec-7] com.odop.root.services.VendorService     : Setting ROLE_VENDOR for vendor: vendor10-mlne829d@odop.demo
2026-02-15T12:27:36.837+05:30  INFO 26728 --- [ODOP] [io-50982-exec-7] com.odop.root.services.VendorService     : Vendor roles before save: [ROLE_VENDOR]
2026-02-15T12:27:36.837+05:30 DEBUG 26728 --- [ODOP] [io-50982-exec-7] o.s.data.mongodb.core.MongoTemplate      : Saving Document containing fields: [_id, shoppeeName, shopkeeperName, emailAddress, password, contactNumber, shoppeeAddress, locationDistrict, locationState, pinCode, businessRegistryNumber, returnPolicy, termsAndServiceAgreement, profilePictureUrl, websiteUrl, status, verified, deliveryAvailable, deliveryCharges, vendorType, shopDescription, freeDeliveryAbove, roles, createdAt, updatedAt, _class]
2026-02-15T12:27:36.839+05:30  INFO 26728 --- [ODOP] [io-50982-exec-7] com.odop.root.services.VendorService     : Saved vendor roles: [ROLE_VENDOR]
DEBUG [Filter shouldNotFilter]: URI: /authenticate, shouldSkip: true
DEBUG [Filter shouldNotFilter]: URI: /authenticate, shouldSkip: true
2026-02-15T12:27:36.927+05:30  INFO 26728 --- [ODOP] [io-50982-exec-8] c.odop.root.controller.AuthController    : Authentication request received for username: [PROTECTED], role: admin
2026-02-15T12:27:36.927+05:30 DEBUG 26728 --- [ODOP] [io-50982-exec-8] o.s.d.m.r.query.MongoQueryCreator        : Created query Query: { "emailAddress" : "admin1-mlne829d@odop.demo"}, Fields: {}, Sort: {}
2026-02-15T12:27:36.927+05:30 DEBUG 26728 --- [ODOP] [io-50982-exec-8] o.s.data.mongodb.core.MongoTemplate      : find using query: { "emailAddress" : "admin1-mlne829d@odop.demo"} fields: Document{{}} for class: class com.odop.root.models.Admin in collection: admins
2026-02-15T12:27:36.995+05:30  INFO 26728 --- [ODOP] [io-50982-exec-8] c.odop.root.controller.AuthController    : JWT token generated successfully for: [PROTECTED]
DEBUG [Filter shouldNotFilter]: URI: /authenticate, shouldSkip: true
DEBUG [Filter shouldNotFilter]: URI: /authenticate, shouldSkip: true
2026-02-15T12:27:37.001+05:30  INFO 26728 --- [ODOP] [io-50982-exec-9] c.odop.root.controller.AuthController    : Authentication request received for username: [PROTECTED], role: customer
2026-02-15T12:27:37.002+05:30 DEBUG 26728 --- [ODOP] [io-50982-exec-9] o.s.d.m.r.query.MongoQueryCreator        : Created query Query: { "emailAddress" : "customer1-mlne829d@odop.demo"}, Fields: {}, Sort: {}
2026-02-15T12:27:37.002+05:30 DEBUG 26728 --- [ODOP] [io-50982-exec-9] o.s.data.mongodb.core.MongoTemplate      : find using query: { "emailAddress" : "customer1-mlne829d@odop.demo"} fields: Document{{}} for class: class com.odop.root.models.Customer in collection: customers
2026-02-15T12:27:37.072+05:30  INFO 26728 --- [ODOP] [io-50982-exec-9] c.odop.root.controller.AuthController    : JWT token generated successfully for: [PROTECTED]
2026-02-15T12:27:37.074+05:30 DEBUG 26728 --- [ODOP] [io-50982-exec-9] o.s.d.m.r.query.MongoQueryCreator        : Created query Query: { "customerId" : "532cea8c-a762-43fb-8184-3003c19c0da9"}, Fields: {}, Sort: {}
2026-02-15T12:27:37.075+05:30 DEBUG 26728 --- [ODOP] [io-50982-exec-9] o.s.data.mongodb.core.MongoTemplate      : find using query: { "customerId" : "532cea8c-a762-43fb-8184-3003c19c0da9"} fields: Document{{}} for class: class com.odop.model.CustomerPreferences in collection: customer_preferences
2026-02-15T12:27:37.091+05:30 DEBUG 26728 --- [ODOP] [io-50982-exec-9] o.s.data.mongodb.core.MongoTemplate      : Inserting Document containing fields: [customerId, notificationChannels, notificationPreferences, securitySettings, appearanceSettings, privacySettings, connectedServices, language, timezone, currency, createdAt, updatedAt, _class] in collection: customer_preferences
2026-02-15T12:27:37.106+05:30 DEBUG 26728 --- [ODOP] [io-50982-exec-9] o.s.data.mongodb.core.MongoTemplate      : Saving Document containing fields: [_id, customerId, notificationChannels, notificationPreferences, securitySettings, appearanceSettings, privacySettings, connectedServices, language, timezone, currency, createdAt, updatedAt, _class]
DEBUG [Filter shouldNotFilter]: URI: /authenticate, shouldSkip: true
DEBUG [Filter shouldNotFilter]: URI: /authenticate, shouldSkip: true
2026-02-15T12:27:37.113+05:30  INFO 26728 --- [ODOP] [o-50982-exec-10] c.odop.root.controller.AuthController    : Authentication request received for username: [PROTECTED], role: vendor
2026-02-15T12:27:37.114+05:30 DEBUG 26728 --- [ODOP] [o-50982-exec-10] o.s.d.m.r.query.MongoQueryCreator        : Created query Query: { "emailAddress" : "vendor1-mlne829d@odop.demo"}, Fields: {}, Sort: {}
2026-02-15T12:27:37.114+05:30 DEBUG 26728 --- [ODOP] [o-50982-exec-10] o.s.data.mongodb.core.MongoTemplate      : find using query: { "emailAddress" : "vendor1-mlne829d@odop.demo"} fields: Document{{}} for class: class com.odop.root.models.Vendor in collection: vendors
2026-02-15T12:27:37.184+05:30  INFO 26728 --- [ODOP] [o-50982-exec-10] c.odop.root.controller.AuthController    : JWT token generated successfully for: [PROTECTED]
DEBUG [Filter shouldNotFilter]: URI: /odop/category/save_category, shouldSkip: false
DEBUG [UserDetailsService]: loadUserByUsername called for: admin1-mlne829d@odop.demo
2026-02-15T12:27:37.204+05:30 DEBUG 26728 --- [ODOP] [io-50982-exec-1] o.s.d.m.r.query.MongoQueryCreator        : Created query Query: { "emailAddress" : "admin1-mlne829d@odop.demo"}, Fields: {}, Sort: {}
2026-02-15T12:27:37.204+05:30 DEBUG 26728 --- [ODOP] [io-50982-exec-1] o.s.data.mongodb.core.MongoTemplate      : find using query: { "emailAddress" : "admin1-mlne829d@odop.demo"} fields: Document{{}} for class: class com.odop.root.models.Admin in collection: admins
DEBUG [UserDetailsService]: Admin found: ac433748-23c9-4a05-a993-083d4d429a7a
DEBUG [Filter shouldNotFilter]: URI: /odop/category/save_category, shouldSkip: false
2026-02-15T12:27:37.216+05:30 DEBUG 26728 --- [ODOP] [io-50982-exec-1] o.s.data.mongodb.core.MongoTemplate      : Inserting Document containing fields: [categoryName, categoryDescription, categoryImageURL, _class] in collection: categories
DEBUG [Filter shouldNotFilter]: URI: /odop/category/save_category, shouldSkip: false
DEBUG [UserDetailsService]: loadUserByUsername called for: admin1-mlne829d@odop.demo
2026-02-15T12:27:37.314+05:30 DEBUG 26728 --- [ODOP] [io-50982-exec-2] o.s.d.m.r.query.MongoQueryCreator        : Created query Query: { "emailAddress" : "admin1-mlne829d@odop.demo"}, Fields: {}, Sort: {}
2026-02-15T12:27:37.314+05:30 DEBUG 26728 --- [ODOP] [io-50982-exec-2] o.s.data.mongodb.core.MongoTemplate      : find using query: { "emailAddress" : "admin1-mlne829d@odop.demo"} fields: Document{{}} for class: class com.odop.root.models.Admin in collection: admins
DEBUG [UserDetailsService]: Admin found: ac433748-23c9-4a05-a993-083d4d429a7a
DEBUG [Filter shouldNotFilter]: URI: /odop/category/save_category, shouldSkip: false
2026-02-15T12:27:37.322+05:30 DEBUG 26728 --- [ODOP] [io-50982-exec-2] o.s.data.mongodb.core.MongoTemplate      : Inserting Document containing fields: [categoryName, categoryDescription, categoryImageURL, _class] in collection: categories
DEBUG [Filter shouldNotFilter]: URI: /odop/category/save_category, shouldSkip: false
DEBUG [UserDetailsService]: loadUserByUsername called for: admin1-mlne829d@odop.demo
2026-02-15T12:27:37.408+05:30 DEBUG 26728 --- [ODOP] [io-50982-exec-4] o.s.d.m.r.query.MongoQueryCreator        : Created query Query: { "emailAddress" : "admin1-mlne829d@odop.demo"}, Fields: {}, Sort: {}
2026-02-15T12:27:37.409+05:30 DEBUG 26728 --- [ODOP] [io-50982-exec-4] o.s.data.mongodb.core.MongoTemplate      : find using query: { "emailAddress" : "admin1-mlne829d@odop.demo"} fields: Document{{}} for class: class com.odop.root.models.Admin in collection: admins
DEBUG [UserDetailsService]: Admin found: ac433748-23c9-4a05-a993-083d4d429a7a
DEBUG [Filter shouldNotFilter]: URI: /odop/category/save_category, shouldSkip: false
2026-02-15T12:27:37.415+05:30 DEBUG 26728 --- [ODOP] [io-50982-exec-4] o.s.data.mongodb.core.MongoTemplate      : Inserting Document containing fields: [categoryName, categoryDescription, categoryImageURL, _class] in collection: categories
DEBUG [Filter shouldNotFilter]: URI: /odop/category/save_category, shouldSkip: false
DEBUG [UserDetailsService]: loadUserByUsername called for: admin1-mlne829d@odop.demo
2026-02-15T12:27:37.503+05:30 DEBUG 26728 --- [ODOP] [io-50982-exec-3] o.s.d.m.r.query.MongoQueryCreator        : Created query Query: { "emailAddress" : "admin1-mlne829d@odop.demo"}, Fields: {}, Sort: {}
2026-02-15T12:27:37.503+05:30 DEBUG 26728 --- [ODOP] [io-50982-exec-3] o.s.data.mongodb.core.MongoTemplate      : find using query: { "emailAddress" : "admin1-mlne829d@odop.demo"} fields: Document{{}} for class: class com.odop.root.models.Admin in collection: admins
DEBUG [UserDetailsService]: Admin found: ac433748-23c9-4a05-a993-083d4d429a7a
DEBUG [Filter shouldNotFilter]: URI: /odop/category/save_category, shouldSkip: false
2026-02-15T12:27:37.509+05:30 DEBUG 26728 --- [ODOP] [io-50982-exec-3] o.s.data.mongodb.core.MongoTemplate      : Inserting Document containing fields: [categoryName, categoryDescription, categoryImageURL, _class] in collection: categories
DEBUG [Filter shouldNotFilter]: URI: /odop/category/save_category, shouldSkip: false
DEBUG [UserDetailsService]: loadUserByUsername called for: admin1-mlne829d@odop.demo
2026-02-15T12:27:37.610+05:30 DEBUG 26728 --- [ODOP] [io-50982-exec-5] o.s.d.m.r.query.MongoQueryCreator        : Created query Query: { "emailAddress" : "admin1-mlne829d@odop.demo"}, Fields: {}, Sort: {}
2026-02-15T12:27:37.610+05:30 DEBUG 26728 --- [ODOP] [io-50982-exec-5] o.s.data.mongodb.core.MongoTemplate      : find using query: { "emailAddress" : "admin1-mlne829d@odop.demo"} fields: Document{{}} for class: class com.odop.root.models.Admin in collection: admins
DEBUG [UserDetailsService]: Admin found: ac433748-23c9-4a05-a993-083d4d429a7a
DEBUG [Filter shouldNotFilter]: URI: /odop/category/save_category, shouldSkip: false
2026-02-15T12:27:37.619+05:30 DEBUG 26728 --- [ODOP] [io-50982-exec-5] o.s.data.mongodb.core.MongoTemplate      : Inserting Document containing fields: [categoryName, categoryDescription, categoryImageURL, _class] in collection: categories
DEBUG [Filter shouldNotFilter]: URI: /odop/category/save_category, shouldSkip: false
DEBUG [UserDetailsService]: loadUserByUsername called for: admin1-mlne829d@odop.demo
2026-02-15T12:27:37.721+05:30 DEBUG 26728 --- [ODOP] [io-50982-exec-6] o.s.d.m.r.query.MongoQueryCreator        : Created query Query: { "emailAddress" : "admin1-mlne829d@odop.demo"}, Fields: {}, Sort: {}
2026-02-15T12:27:37.721+05:30 DEBUG 26728 --- [ODOP] [io-50982-exec-6] o.s.data.mongodb.core.MongoTemplate      : find using query: { "emailAddress" : "admin1-mlne829d@odop.demo"} fields: Document{{}} for class: class com.odop.root.models.Admin in collection: admins
DEBUG [UserDetailsService]: Admin found: ac433748-23c9-4a05-a993-083d4d429a7a
DEBUG [Filter shouldNotFilter]: URI: /odop/category/save_category, shouldSkip: false
2026-02-15T12:27:37.728+05:30 DEBUG 26728 --- [ODOP] [io-50982-exec-6] o.s.data.mongodb.core.MongoTemplate      : Inserting Document containing fields: [categoryName, categoryDescription, categoryImageURL, _class] in collection: categories
DEBUG [Filter shouldNotFilter]: URI: /odop/category/save_category, shouldSkip: false
DEBUG [UserDetailsService]: loadUserByUsername called for: admin1-mlne829d@odop.demo
2026-02-15T12:27:37.814+05:30 DEBUG 26728 --- [ODOP] [io-50982-exec-7] o.s.d.m.r.query.MongoQueryCreator        : Created query Query: { "emailAddress" : "admin1-mlne829d@odop.demo"}, Fields: {}, Sort: {}
2026-02-15T12:27:37.815+05:30 DEBUG 26728 --- [ODOP] [io-50982-exec-7] o.s.data.mongodb.core.MongoTemplate      : find using query: { "emailAddress" : "admin1-mlne829d@odop.demo"} fields: Document{{}} for class: class com.odop.root.models.Admin in collection: admins
DEBUG [UserDetailsService]: Admin found: ac433748-23c9-4a05-a993-083d4d429a7a
DEBUG [Filter shouldNotFilter]: URI: /odop/category/save_category, shouldSkip: false
2026-02-15T12:27:37.821+05:30 DEBUG 26728 --- [ODOP] [io-50982-exec-7] o.s.data.mongodb.core.MongoTemplate      : Inserting Document containing fields: [categoryName, categoryDescription, categoryImageURL, _class] in collection: categories
DEBUG [Filter shouldNotFilter]: URI: /odop/category/save_category, shouldSkip: false
DEBUG [UserDetailsService]: loadUserByUsername called for: admin1-mlne829d@odop.demo
2026-02-15T12:27:37.922+05:30 DEBUG 26728 --- [ODOP] [io-50982-exec-8] o.s.d.m.r.query.MongoQueryCreator        : Created query Query: { "emailAddress" : "admin1-mlne829d@odop.demo"}, Fields: {}, Sort: {}
2026-02-15T12:27:37.924+05:30 DEBUG 26728 --- [ODOP] [io-50982-exec-8] o.s.data.mongodb.core.MongoTemplate      : find using query: { "emailAddress" : "admin1-mlne829d@odop.demo"} fields: Document{{}} for class: class com.odop.root.models.Admin in collection: admins
DEBUG [UserDetailsService]: Admin found: ac433748-23c9-4a05-a993-083d4d429a7a
DEBUG [Filter shouldNotFilter]: URI: /odop/category/save_category, shouldSkip: false
2026-02-15T12:27:37.930+05:30 DEBUG 26728 --- [ODOP] [io-50982-exec-8] o.s.data.mongodb.core.MongoTemplate      : Inserting Document containing fields: [categoryName, categoryDescription, categoryImageURL, _class] in collection: categories
DEBUG [Filter shouldNotFilter]: URI: /odop/category/save_category, shouldSkip: false
DEBUG [UserDetailsService]: loadUserByUsername called for: admin1-mlne829d@odop.demo
2026-02-15T12:27:38.018+05:30 DEBUG 26728 --- [ODOP] [io-50982-exec-9] o.s.d.m.r.query.MongoQueryCreator        : Created query Query: { "emailAddress" : "admin1-mlne829d@odop.demo"}, Fields: {}, Sort: {}
2026-02-15T12:27:38.018+05:30 DEBUG 26728 --- [ODOP] [io-50982-exec-9] o.s.data.mongodb.core.MongoTemplate      : find using query: { "emailAddress" : "admin1-mlne829d@odop.demo"} fields: Document{{}} for class: class com.odop.root.models.Admin in collection: admins
DEBUG [UserDetailsService]: Admin found: ac433748-23c9-4a05-a993-083d4d429a7a
DEBUG [Filter shouldNotFilter]: URI: /odop/category/save_category, shouldSkip: false
2026-02-15T12:27:38.023+05:30 DEBUG 26728 --- [ODOP] [io-50982-exec-9] o.s.data.mongodb.core.MongoTemplate      : Inserting Document containing fields: [categoryName, categoryDescription, categoryImageURL, _class] in collection: categories
DEBUG [Filter shouldNotFilter]: URI: /odop/category/save_category, shouldSkip: false
DEBUG [UserDetailsService]: loadUserByUsername called for: admin1-mlne829d@odop.demo
2026-02-15T12:27:38.125+05:30 DEBUG 26728 --- [ODOP] [o-50982-exec-10] o.s.d.m.r.query.MongoQueryCreator        : Created query Query: { "emailAddress" : "admin1-mlne829d@odop.demo"}, Fields: {}, Sort: {}
2026-02-15T12:27:38.125+05:30 DEBUG 26728 --- [ODOP] [o-50982-exec-10] o.s.data.mongodb.core.MongoTemplate      : find using query: { "emailAddress" : "admin1-mlne829d@odop.demo"} fields: Document{{}} for class: class com.odop.root.models.Admin in collection: admins
DEBUG [UserDetailsService]: Admin found: ac433748-23c9-4a05-a993-083d4d429a7a
DEBUG [Filter shouldNotFilter]: URI: /odop/category/save_category, shouldSkip: false
2026-02-15T12:27:38.132+05:30 DEBUG 26728 --- [ODOP] [o-50982-exec-10] o.s.data.mongodb.core.MongoTemplate      : Inserting Document containing fields: [categoryName, categoryDescription, categoryImageURL, _class] in collection: categories
DEBUG [Filter shouldNotFilter]: URI: /odop/product/save_product, shouldSkip: false
DEBUG [UserDetailsService]: loadUserByUsername called for: vendor1-mlne829d@odop.demo
2026-02-15T12:27:39.464+05:30 DEBUG 26728 --- [ODOP] [io-50982-exec-1] o.s.d.m.r.query.MongoQueryCreator        : Created query Query: { "emailAddress" : "vendor1-mlne829d@odop.demo"}, Fields: {}, Sort: {}
2026-02-15T12:27:39.464+05:30 DEBUG 26728 --- [ODOP] [io-50982-exec-1] o.s.data.mongodb.core.MongoTemplate      : find using query: { "emailAddress" : "vendor1-mlne829d@odop.demo"} fields: Document{{}} for class: class com.odop.root.models.Admin in collection: admins
2026-02-15T12:27:39.466+05:30 DEBUG 26728 --- [ODOP] [io-50982-exec-1] o.s.d.m.r.query.MongoQueryCreator        : Created query Query: { "emailAddress" : "vendor1-mlne829d@odop.demo"}, Fields: {}, Sort: {}
2026-02-15T12:27:39.466+05:30 DEBUG 26728 --- [ODOP] [io-50982-exec-1] o.s.data.mongodb.core.MongoTemplate      : find using query: { "emailAddress" : "vendor1-mlne829d@odop.demo"} fields: Document{{}} for class: class com.odop.root.models.Customer in collection: customers
2026-02-15T12:27:39.468+05:30 DEBUG 26728 --- [ODOP] [io-50982-exec-1] o.s.d.m.r.query.MongoQueryCreator        : Created query Query: { "emailAddress" : "vendor1-mlne829d@odop.demo"}, Fields: {}, Sort: {}
2026-02-15T12:27:39.468+05:30 DEBUG 26728 --- [ODOP] [io-50982-exec-1] o.s.data.mongodb.core.MongoTemplate      : find using query: { "emailAddress" : "vendor1-mlne829d@odop.demo"} fields: Document{{}} for class: class com.odop.root.models.Vendor in collection: vendors
DEBUG [UserDetailsService]: Vendor found: 31fe1034-b791-494d-896c-69d00e0a47c7
DEBUG [Filter shouldNotFilter]: URI: /odop/product/save_product, shouldSkip: false
2026-02-15T12:27:39.498+05:30 DEBUG 26728 --- [ODOP] [io-50982-exec-1] o.s.data.mongodb.core.MongoTemplate      : Inserting Document containing fields: [productName, productDescription, price, productQuantity, productImageURL, discount, promotionEnabled, specification, warranty, rating, vendorId, tags, stockStatus, originDistrict, originState, originPinCode, localName, giTagNumber, giTagCertified, giTagCertificateUrl, originStory, craftType, madeBy, materialsUsed, popularityScore, totalSold, approvalStatus, isActive, _class] in collection: products
DEBUG [Filter shouldNotFilter]: URI: /odop/product/save_product, shouldSkip: false
DEBUG [UserDetailsService]: loadUserByUsername called for: vendor1-mlne829d@odop.demo
2026-02-15T12:27:39.963+05:30 DEBUG 26728 --- [ODOP] [io-50982-exec-2] o.s.d.m.r.query.MongoQueryCreator        : Created query Query: { "emailAddress" : "vendor1-mlne829d@odop.demo"}, Fields: {}, Sort: {}
2026-02-15T12:27:39.963+05:30 DEBUG 26728 --- [ODOP] [io-50982-exec-2] o.s.data.mongodb.core.MongoTemplate      : find using query: { "emailAddress" : "vendor1-mlne829d@odop.demo"} fields: Document{{}} for class: class com.odop.root.models.Admin in collection: admins
2026-02-15T12:27:39.964+05:30 DEBUG 26728 --- [ODOP] [io-50982-exec-2] o.s.d.m.r.query.MongoQueryCreator        : Created query Query: { "emailAddress" : "vendor1-mlne829d@odop.demo"}, Fields: {}, Sort: {}
2026-02-15T12:27:39.966+05:30 DEBUG 26728 --- [ODOP] [io-50982-exec-2] o.s.data.mongodb.core.MongoTemplate      : find using query: { "emailAddress" : "vendor1-mlne829d@odop.demo"} fields: Document{{}} for class: class com.odop.root.models.Customer in collection: customers
2026-02-15T12:27:39.967+05:30 DEBUG 26728 --- [ODOP] [io-50982-exec-2] o.s.d.m.r.query.MongoQueryCreator        : Created query Query: { "emailAddress" : "vendor1-mlne829d@odop.demo"}, Fields: {}, Sort: {}
2026-02-15T12:27:39.967+05:30 DEBUG 26728 --- [ODOP] [io-50982-exec-2] o.s.data.mongodb.core.MongoTemplate      : find using query: { "emailAddress" : "vendor1-mlne829d@odop.demo"} fields: Document{{}} for class: class com.odop.root.models.Vendor in collection: vendors
DEBUG [UserDetailsService]: Vendor found: 31fe1034-b791-494d-896c-69d00e0a47c7
DEBUG [Filter shouldNotFilter]: URI: /odop/product/save_product, shouldSkip: false
2026-02-15T12:27:39.976+05:30 DEBUG 26728 --- [ODOP] [io-50982-exec-2] o.s.data.mongodb.core.MongoTemplate      : Inserting Document containing fields: [productName, productDescription, price, productQuantity, productImageURL, discount, promotionEnabled, specification, warranty, rating, vendorId, tags, stockStatus, originDistrict, originState, originPinCode, localName, giTagNumber, giTagCertified, giTagCertificateUrl, originStory, craftType, madeBy, materialsUsed, popularityScore, totalSold, approvalStatus, isActive, _class] in collection: products
DEBUG [Filter shouldNotFilter]: URI: /odop/product/save_product, shouldSkip: false
DEBUG [UserDetailsService]: loadUserByUsername called for: vendor1-mlne829d@odop.demo
2026-02-15T12:27:40.353+05:30 DEBUG 26728 --- [ODOP] [io-50982-exec-4] o.s.d.m.r.query.MongoQueryCreator        : Created query Query: { "emailAddress" : "vendor1-mlne829d@odop.demo"}, Fields: {}, Sort: {}
2026-02-15T12:27:40.353+05:30 DEBUG 26728 --- [ODOP] [io-50982-exec-4] o.s.data.mongodb.core.MongoTemplate      : find using query: { "emailAddress" : "vendor1-mlne829d@odop.demo"} fields: Document{{}} for class: class com.odop.root.models.Admin in collection: admins
2026-02-15T12:27:40.354+05:30 DEBUG 26728 --- [ODOP] [io-50982-exec-4] o.s.d.m.r.query.MongoQueryCreator        : Created query Query: { "emailAddress" : "vendor1-mlne829d@odop.demo"}, Fields: {}, Sort: {}
2026-02-15T12:27:40.354+05:30 DEBUG 26728 --- [ODOP] [io-50982-exec-4] o.s.data.mongodb.core.MongoTemplate      : find using query: { "emailAddress" : "vendor1-mlne829d@odop.demo"} fields: Document{{}} for class: class com.odop.root.models.Customer in collection: customers
2026-02-15T12:27:40.355+05:30 DEBUG 26728 --- [ODOP] [io-50982-exec-4] o.s.d.m.r.query.MongoQueryCreator        : Created query Query: { "emailAddress" : "vendor1-mlne829d@odop.demo"}, Fields: {}, Sort: {}
2026-02-15T12:27:40.355+05:30 DEBUG 26728 --- [ODOP] [io-50982-exec-4] o.s.data.mongodb.core.MongoTemplate      : find using query: { "emailAddress" : "vendor1-mlne829d@odop.demo"} fields: Document{{}} for class: class com.odop.root.models.Vendor in collection: vendors
DEBUG [UserDetailsService]: Vendor found: 31fe1034-b791-494d-896c-69d00e0a47c7
DEBUG [Filter shouldNotFilter]: URI: /odop/product/save_product, shouldSkip: false
2026-02-15T12:27:40.368+05:30 DEBUG 26728 --- [ODOP] [io-50982-exec-4] o.s.data.mongodb.core.MongoTemplate      : Inserting Document containing fields: [productName, productDescription, price, productQuantity, productImageURL, discount, promotionEnabled, specification, warranty, rating, vendorId, tags, stockStatus, originDistrict, originState, originPinCode, localName, giTagNumber, giTagCertified, giTagCertificateUrl, originStory, craftType, madeBy, materialsUsed, popularityScore, totalSold, approvalStatus, isActive, _class] in collection: products
DEBUG [Filter shouldNotFilter]: URI: /odop/product/save_product, shouldSkip: false
DEBUG [UserDetailsService]: loadUserByUsername called for: vendor1-mlne829d@odop.demo
2026-02-15T12:27:40.729+05:30 DEBUG 26728 --- [ODOP] [io-50982-exec-3] o.s.d.m.r.query.MongoQueryCreator        : Created query Query: { "emailAddress" : "vendor1-mlne829d@odop.demo"}, Fields: {}, Sort: {}
2026-02-15T12:27:40.729+05:30 DEBUG 26728 --- [ODOP] [io-50982-exec-3] o.s.data.mongodb.core.MongoTemplate      : find using query: { "emailAddress" : "vendor1-mlne829d@odop.demo"} fields: Document{{}} for class: class com.odop.root.models.Admin in collection: admins
2026-02-15T12:27:40.730+05:30 DEBUG 26728 --- [ODOP] [io-50982-exec-3] o.s.d.m.r.query.MongoQueryCreator        : Created query Query: { "emailAddress" : "vendor1-mlne829d@odop.demo"}, Fields: {}, Sort: {}
2026-02-15T12:27:40.732+05:30 DEBUG 26728 --- [ODOP] [io-50982-exec-3] o.s.data.mongodb.core.MongoTemplate      : find using query: { "emailAddress" : "vendor1-mlne829d@odop.demo"} fields: Document{{}} for class: class com.odop.root.models.Customer in collection: customers
2026-02-15T12:27:40.732+05:30 DEBUG 26728 --- [ODOP] [io-50982-exec-3] o.s.d.m.r.query.MongoQueryCreator        : Created query Query: { "emailAddress" : "vendor1-mlne829d@odop.demo"}, Fields: {}, Sort: {}
2026-02-15T12:27:40.733+05:30 DEBUG 26728 --- [ODOP] [io-50982-exec-3] o.s.data.mongodb.core.MongoTemplate      : find using query: { "emailAddress" : "vendor1-mlne829d@odop.demo"} fields: Document{{}} for class: class com.odop.root.models.Vendor in collection: vendors
DEBUG [UserDetailsService]: Vendor found: 31fe1034-b791-494d-896c-69d00e0a47c7
DEBUG [Filter shouldNotFilter]: URI: /odop/product/save_product, shouldSkip: false
2026-02-15T12:27:40.741+05:30 DEBUG 26728 --- [ODOP] [io-50982-exec-3] o.s.data.mongodb.core.MongoTemplate      : Inserting Document containing fields: [productName, productDescription, price, productQuantity, productImageURL, discount, promotionEnabled, specification, warranty, rating, vendorId, tags, stockStatus, originDistrict, originState, originPinCode, localName, giTagNumber, giTagCertified, giTagCertificateUrl, originStory, craftType, madeBy, materialsUsed, popularityScore, totalSold, approvalStatus, isActive, _class] in collection: products
DEBUG [Filter shouldNotFilter]: URI: /odop/product/save_product, shouldSkip: false
DEBUG [UserDetailsService]: loadUserByUsername called for: vendor1-mlne829d@odop.demo
2026-02-15T12:27:41.227+05:30 DEBUG 26728 --- [ODOP] [io-50982-exec-5] o.s.d.m.r.query.MongoQueryCreator        : Created query Query: { "emailAddress" : "vendor1-mlne829d@odop.demo"}, Fields: {}, Sort: {}
2026-02-15T12:27:41.227+05:30 DEBUG 26728 --- [ODOP] [io-50982-exec-5] o.s.data.mongodb.core.MongoTemplate      : find using query: { "emailAddress" : "vendor1-mlne829d@odop.demo"} fields: Document{{}} for class: class com.odop.root.models.Admin in collection: admins
2026-02-15T12:27:41.229+05:30 DEBUG 26728 --- [ODOP] [io-50982-exec-5] o.s.d.m.r.query.MongoQueryCreator        : Created query Query: { "emailAddress" : "vendor1-mlne829d@odop.demo"}, Fields: {}, Sort: {}
2026-02-15T12:27:41.229+05:30 DEBUG 26728 --- [ODOP] [io-50982-exec-5] o.s.data.mongodb.core.MongoTemplate      : find using query: { "emailAddress" : "vendor1-mlne829d@odop.demo"} fields: Document{{}} for class: class com.odop.root.models.Customer in collection: customers
2026-02-15T12:27:41.231+05:30 DEBUG 26728 --- [ODOP] [io-50982-exec-5] o.s.d.m.r.query.MongoQueryCreator        : Created query Query: { "emailAddress" : "vendor1-mlne829d@odop.demo"}, Fields: {}, Sort: {}
2026-02-15T12:27:41.232+05:30 DEBUG 26728 --- [ODOP] [io-50982-exec-5] o.s.data.mongodb.core.MongoTemplate      : find using query: { "emailAddress" : "vendor1-mlne829d@odop.demo"} fields: Document{{}} for class: class com.odop.root.models.Vendor in collection: vendors
DEBUG [UserDetailsService]: Vendor found: 31fe1034-b791-494d-896c-69d00e0a47c7
DEBUG [Filter shouldNotFilter]: URI: /odop/product/save_product, shouldSkip: false
2026-02-15T12:27:41.245+05:30 DEBUG 26728 --- [ODOP] [io-50982-exec-5] o.s.data.mongodb.core.MongoTemplate      : Inserting Document containing fields: [productName, productDescription, price, productQuantity, productImageURL, discount, promotionEnabled, specification, warranty, rating, vendorId, tags, stockStatus, originDistrict, originState, originPinCode, localName, giTagNumber, giTagCertified, giTagCertificateUrl, originStory, craftType, madeBy, materialsUsed, popularityScore, totalSold, approvalStatus, isActive, _class] in collection: products
DEBUG [Filter shouldNotFilter]: URI: /odop/product/save_product, shouldSkip: false
DEBUG [UserDetailsService]: loadUserByUsername called for: vendor1-mlne829d@odop.demo
2026-02-15T12:27:41.649+05:30 DEBUG 26728 --- [ODOP] [io-50982-exec-6] o.s.d.m.r.query.MongoQueryCreator        : Created query Query: { "emailAddress" : "vendor1-mlne829d@odop.demo"}, Fields: {}, Sort: {}
2026-02-15T12:27:41.649+05:30 DEBUG 26728 --- [ODOP] [io-50982-exec-6] o.s.data.mongodb.core.MongoTemplate      : find using query: { "emailAddress" : "vendor1-mlne829d@odop.demo"} fields: Document{{}} for class: class com.odop.root.models.Admin in collection: admins
2026-02-15T12:27:41.651+05:30 DEBUG 26728 --- [ODOP] [io-50982-exec-6] o.s.d.m.r.query.MongoQueryCreator        : Created query Query: { "emailAddress" : "vendor1-mlne829d@odop.demo"}, Fields: {}, Sort: {}
2026-02-15T12:27:41.652+05:30 DEBUG 26728 --- [ODOP] [io-50982-exec-6] o.s.data.mongodb.core.MongoTemplate      : find using query: { "emailAddress" : "vendor1-mlne829d@odop.demo"} fields: Document{{}} for class: class com.odop.root.models.Customer in collection: customers
2026-02-15T12:27:41.653+05:30 DEBUG 26728 --- [ODOP] [io-50982-exec-6] o.s.d.m.r.query.MongoQueryCreator        : Created query Query: { "emailAddress" : "vendor1-mlne829d@odop.demo"}, Fields: {}, Sort: {}
2026-02-15T12:27:41.653+05:30 DEBUG 26728 --- [ODOP] [io-50982-exec-6] o.s.data.mongodb.core.MongoTemplate      : find using query: { "emailAddress" : "vendor1-mlne829d@odop.demo"} fields: Document{{}} for class: class com.odop.root.models.Vendor in collection: vendors
DEBUG [UserDetailsService]: Vendor found: 31fe1034-b791-494d-896c-69d00e0a47c7
DEBUG [Filter shouldNotFilter]: URI: /odop/product/save_product, shouldSkip: false
2026-02-15T12:27:41.663+05:30 DEBUG 26728 --- [ODOP] [io-50982-exec-6] o.s.data.mongodb.core.MongoTemplate      : Inserting Document containing fields: [productName, productDescription, price, productQuantity, productImageURL, discount, promotionEnabled, specification, warranty, rating, vendorId, tags, stockStatus, originDistrict, originState, originPinCode, localName, giTagNumber, giTagCertified, giTagCertificateUrl, originStory, craftType, madeBy, materialsUsed, popularityScore, totalSold, approvalStatus, isActive, _class] in collection: products
DEBUG [Filter shouldNotFilter]: URI: /odop/product/save_product, shouldSkip: false
DEBUG [UserDetailsService]: loadUserByUsername called for: vendor1-mlne829d@odop.demo
2026-02-15T12:27:42.066+05:30 DEBUG 26728 --- [ODOP] [io-50982-exec-7] o.s.d.m.r.query.MongoQueryCreator        : Created query Query: { "emailAddress" : "vendor1-mlne829d@odop.demo"}, Fields: {}, Sort: {}
2026-02-15T12:27:42.066+05:30 DEBUG 26728 --- [ODOP] [io-50982-exec-7] o.s.data.mongodb.core.MongoTemplate      : find using query: { "emailAddress" : "vendor1-mlne829d@odop.demo"} fields: Document{{}} for class: class com.odop.root.models.Admin in collection: admins
2026-02-15T12:27:42.068+05:30 DEBUG 26728 --- [ODOP] [io-50982-exec-7] o.s.d.m.r.query.MongoQueryCreator        : Created query Query: { "emailAddress" : "vendor1-mlne829d@odop.demo"}, Fields: {}, Sort: {}
2026-02-15T12:27:42.068+05:30 DEBUG 26728 --- [ODOP] [io-50982-exec-7] o.s.data.mongodb.core.MongoTemplate      : find using query: { "emailAddress" : "vendor1-mlne829d@odop.demo"} fields: Document{{}} for class: class com.odop.root.models.Customer in collection: customers
2026-02-15T12:27:42.069+05:30 DEBUG 26728 --- [ODOP] [io-50982-exec-7] o.s.d.m.r.query.MongoQueryCreator        : Created query Query: { "emailAddress" : "vendor1-mlne829d@odop.demo"}, Fields: {}, Sort: {}
2026-02-15T12:27:42.069+05:30 DEBUG 26728 --- [ODOP] [io-50982-exec-7] o.s.data.mongodb.core.MongoTemplate      : find using query: { "emailAddress" : "vendor1-mlne829d@odop.demo"} fields: Document{{}} for class: class com.odop.root.models.Vendor in collection: vendors
DEBUG [UserDetailsService]: Vendor found: 31fe1034-b791-494d-896c-69d00e0a47c7
DEBUG [Filter shouldNotFilter]: URI: /odop/product/save_product, shouldSkip: false
2026-02-15T12:27:42.080+05:30 DEBUG 26728 --- [ODOP] [io-50982-exec-7] o.s.data.mongodb.core.MongoTemplate      : Inserting Document containing fields: [productName, productDescription, price, productQuantity, productImageURL, discount, promotionEnabled, specification, warranty, rating, vendorId, tags, stockStatus, originDistrict, originState, originPinCode, localName, giTagNumber, giTagCertified, giTagCertificateUrl, originStory, craftType, madeBy, materialsUsed, popularityScore, totalSold, approvalStatus, isActive, _class] in collection: products
DEBUG [Filter shouldNotFilter]: URI: /odop/product/save_product, shouldSkip: false
DEBUG [UserDetailsService]: loadUserByUsername called for: vendor1-mlne829d@odop.demo
2026-02-15T12:27:42.928+05:30 DEBUG 26728 --- [ODOP] [io-50982-exec-8] o.s.d.m.r.query.MongoQueryCreator        : Created query Query: { "emailAddress" : "vendor1-mlne829d@odop.demo"}, Fields: {}, Sort: {}
2026-02-15T12:27:42.928+05:30 DEBUG 26728 --- [ODOP] [io-50982-exec-8] o.s.data.mongodb.core.MongoTemplate      : find using query: { "emailAddress" : "vendor1-mlne829d@odop.demo"} fields: Document{{}} for class: class com.odop.root.models.Admin in collection: admins
2026-02-15T12:27:42.930+05:30 DEBUG 26728 --- [ODOP] [io-50982-exec-8] o.s.d.m.r.query.MongoQueryCreator        : Created query Query: { "emailAddress" : "vendor1-mlne829d@odop.demo"}, Fields: {}, Sort: {}
2026-02-15T12:27:42.930+05:30 DEBUG 26728 --- [ODOP] [io-50982-exec-8] o.s.data.mongodb.core.MongoTemplate      : find using query: { "emailAddress" : "vendor1-mlne829d@odop.demo"} fields: Document{{}} for class: class com.odop.root.models.Customer in collection: customers
2026-02-15T12:27:42.932+05:30 DEBUG 26728 --- [ODOP] [io-50982-exec-8] o.s.d.m.r.query.MongoQueryCreator        : Created query Query: { "emailAddress" : "vendor1-mlne829d@odop.demo"}, Fields: {}, Sort: {}
2026-02-15T12:27:42.932+05:30 DEBUG 26728 --- [ODOP] [io-50982-exec-8] o.s.data.mongodb.core.MongoTemplate      : find using query: { "emailAddress" : "vendor1-mlne829d@odop.demo"} fields: Document{{}} for class: class com.odop.root.models.Vendor in collection: vendors
DEBUG [UserDetailsService]: Vendor found: 31fe1034-b791-494d-896c-69d00e0a47c7
DEBUG [Filter shouldNotFilter]: URI: /odop/product/save_product, shouldSkip: false
2026-02-15T12:27:42.942+05:30 DEBUG 26728 --- [ODOP] [io-50982-exec-8] o.s.data.mongodb.core.MongoTemplate      : Inserting Document containing fields: [productName, productDescription, price, productQuantity, productImageURL, discount, promotionEnabled, specification, warranty, rating, vendorId, tags, stockStatus, originDistrict, originState, originPinCode, localName, giTagNumber, giTagCertified, giTagCertificateUrl, originStory, craftType, madeBy, materialsUsed, popularityScore, totalSold, approvalStatus, isActive, _class] in collection: products
DEBUG [Filter shouldNotFilter]: URI: /odop/product/save_product, shouldSkip: false
DEBUG [UserDetailsService]: loadUserByUsername called for: vendor1-mlne829d@odop.demo
2026-02-15T12:27:43.332+05:30 DEBUG 26728 --- [ODOP] [io-50982-exec-9] o.s.d.m.r.query.MongoQueryCreator        : Created query Query: { "emailAddress" : "vendor1-mlne829d@odop.demo"}, Fields: {}, Sort: {}
2026-02-15T12:27:43.332+05:30 DEBUG 26728 --- [ODOP] [io-50982-exec-9] o.s.data.mongodb.core.MongoTemplate      : find using query: { "emailAddress" : "vendor1-mlne829d@odop.demo"} fields: Document{{}} for class: class com.odop.root.models.Admin in collection: admins
2026-02-15T12:27:43.334+05:30 DEBUG 26728 --- [ODOP] [io-50982-exec-9] o.s.d.m.r.query.MongoQueryCreator        : Created query Query: { "emailAddress" : "vendor1-mlne829d@odop.demo"}, Fields: {}, Sort: {}
2026-02-15T12:27:43.334+05:30 DEBUG 26728 --- [ODOP] [io-50982-exec-9] o.s.data.mongodb.core.MongoTemplate      : find using query: { "emailAddress" : "vendor1-mlne829d@odop.demo"} fields: Document{{}} for class: class com.odop.root.models.Customer in collection: customers
2026-02-15T12:27:43.335+05:30 DEBUG 26728 --- [ODOP] [io-50982-exec-9] o.s.d.m.r.query.MongoQueryCreator        : Created query Query: { "emailAddress" : "vendor1-mlne829d@odop.demo"}, Fields: {}, Sort: {}
2026-02-15T12:27:43.335+05:30 DEBUG 26728 --- [ODOP] [io-50982-exec-9] o.s.data.mongodb.core.MongoTemplate      : find using query: { "emailAddress" : "vendor1-mlne829d@odop.demo"} fields: Document{{}} for class: class com.odop.root.models.Vendor in collection: vendors
DEBUG [UserDetailsService]: Vendor found: 31fe1034-b791-494d-896c-69d00e0a47c7
DEBUG [Filter shouldNotFilter]: URI: /odop/product/save_product, shouldSkip: false
2026-02-15T12:27:43.344+05:30 DEBUG 26728 --- [ODOP] [io-50982-exec-9] o.s.data.mongodb.core.MongoTemplate      : Inserting Document containing fields: [productName, productDescription, price, productQuantity, productImageURL, discount, promotionEnabled, specification, warranty, rating, vendorId, tags, stockStatus, originDistrict, originState, originPinCode, localName, giTagNumber, giTagCertified, giTagCertificateUrl, originStory, craftType, madeBy, materialsUsed, popularityScore, totalSold, approvalStatus, isActive, _class] in collection: products
DEBUG [Filter shouldNotFilter]: URI: /odop/product/save_product, shouldSkip: false
DEBUG [UserDetailsService]: loadUserByUsername called for: vendor1-mlne829d@odop.demo
2026-02-15T12:27:43.749+05:30 DEBUG 26728 --- [ODOP] [o-50982-exec-10] o.s.d.m.r.query.MongoQueryCreator        : Created query Query: { "emailAddress" : "vendor1-mlne829d@odop.demo"}, Fields: {}, Sort: {}
2026-02-15T12:27:43.749+05:30 DEBUG 26728 --- [ODOP] [o-50982-exec-10] o.s.data.mongodb.core.MongoTemplate      : find using query: { "emailAddress" : "vendor1-mlne829d@odop.demo"} fields: Document{{}} for class: class com.odop.root.models.Admin in collection: admins
2026-02-15T12:27:43.751+05:30 DEBUG 26728 --- [ODOP] [o-50982-exec-10] o.s.d.m.r.query.MongoQueryCreator        : Created query Query: { "emailAddress" : "vendor1-mlne829d@odop.demo"}, Fields: {}, Sort: {}
2026-02-15T12:27:43.751+05:30 DEBUG 26728 --- [ODOP] [o-50982-exec-10] o.s.data.mongodb.core.MongoTemplate      : find using query: { "emailAddress" : "vendor1-mlne829d@odop.demo"} fields: Document{{}} for class: class com.odop.root.models.Customer in collection: customers
2026-02-15T12:27:43.753+05:30 DEBUG 26728 --- [ODOP] [o-50982-exec-10] o.s.d.m.r.query.MongoQueryCreator        : Created query Query: { "emailAddress" : "vendor1-mlne829d@odop.demo"}, Fields: {}, Sort: {}
2026-02-15T12:27:43.754+05:30 DEBUG 26728 --- [ODOP] [o-50982-exec-10] o.s.data.mongodb.core.MongoTemplate      : find using query: { "emailAddress" : "vendor1-mlne829d@odop.demo"} fields: Document{{}} for class: class com.odop.root.models.Vendor in collection: vendors
DEBUG [UserDetailsService]: Vendor found: 31fe1034-b791-494d-896c-69d00e0a47c7
DEBUG [Filter shouldNotFilter]: URI: /odop/product/save_product, shouldSkip: false
2026-02-15T12:27:43.766+05:30 DEBUG 26728 --- [ODOP] [o-50982-exec-10] o.s.data.mongodb.core.MongoTemplate      : Inserting Document containing fields: [productName, productDescription, price, productQuantity, productImageURL, discount, promotionEnabled, specification, warranty, rating, vendorId, tags, stockStatus, originDistrict, originState, originPinCode, localName, giTagNumber, giTagCertified, giTagCertificateUrl, originStory, craftType, madeBy, materialsUsed, popularityScore, totalSold, approvalStatus, isActive, _class] in collection: products
DEBUG [Filter shouldNotFilter]: URI: /odop/cart/save_cart, shouldSkip: false
DEBUG [UserDetailsService]: loadUserByUsername called for: customer1-mlne829d@odop.demo
2026-02-15T12:27:43.866+05:30 DEBUG 26728 --- [ODOP] [io-50982-exec-1] o.s.d.m.r.query.MongoQueryCreator        : Created query Query: { "emailAddress" : "customer1-mlne829d@odop.demo"}, Fields: {}, Sort: {}
2026-02-15T12:27:43.866+05:30 DEBUG 26728 --- [ODOP] [io-50982-exec-1] o.s.data.mongodb.core.MongoTemplate      : find using query: { "emailAddress" : "customer1-mlne829d@odop.demo"} fields: Document{{}} for class: class com.odop.root.models.Admin in collection: admins
2026-02-15T12:27:43.869+05:30 DEBUG 26728 --- [ODOP] [io-50982-exec-1] o.s.d.m.r.query.MongoQueryCreator        : Created query Query: { "emailAddress" : "customer1-mlne829d@odop.demo"}, Fields: {}, Sort: {}
2026-02-15T12:27:43.871+05:30 DEBUG 26728 --- [ODOP] [io-50982-exec-1] o.s.data.mongodb.core.MongoTemplate      : find using query: { "emailAddress" : "customer1-mlne829d@odop.demo"} fields: Document{{}} for class: class com.odop.root.models.Customer in collection: customers
DEBUG [UserDetailsService]: Customer found: 532cea8c-a762-43fb-8184-3003c19c0da9
DEBUG [Filter shouldNotFilter]: URI: /odop/cart/save_cart, shouldSkip: false
2026-02-15T12:27:43.880+05:30  INFO 26728 --- [ODOP] [io-50982-exec-1] com.odop.root.services.CartService       : Attempting to save cart for customer: 532cea8c-a762-43fb-8184-3003c19c0da9, productId: 69916e63a7b87168f66e4687
2026-02-15T12:27:43.881+05:30 DEBUG 26728 --- [ODOP] [io-50982-exec-1] o.s.data.mongodb.core.MongoTemplate      : findOne using query: { "productId" : "69916e63a7b87168f66e4687"} fields: Document{{}} for class: class com.odop.root.models.Products in collection: products
2026-02-15T12:27:43.896+05:30  INFO 26728 --- [ODOP] [io-50982-exec-1] com.odop.root.services.CartService       : Found product: ODOP Product 1
2026-02-15T12:27:43.900+05:30 DEBUG 26728 --- [ODOP] [io-50982-exec-1] o.s.data.mongodb.core.MongoTemplate      : Inserting Document containing fields: [customerId, totalAmount, totalItems, status, vendorId, approval, productId, product, quantity, time, createdAt, _class] in collection: carts
DEBUG [Filter shouldNotFilter]: URI: /odop/cart/save_cart, shouldSkip: false
DEBUG [UserDetailsService]: loadUserByUsername called for: customer1-mlne829d@odop.demo
2026-02-15T12:27:43.992+05:30 DEBUG 26728 --- [ODOP] [io-50982-exec-2] o.s.d.m.r.query.MongoQueryCreator        : Created query Query: { "emailAddress" : "customer1-mlne829d@odop.demo"}, Fields: {}, Sort: {}
2026-02-15T12:27:43.992+05:30 DEBUG 26728 --- [ODOP] [io-50982-exec-2] o.s.data.mongodb.core.MongoTemplate      : find using query: { "emailAddress" : "customer1-mlne829d@odop.demo"} fields: Document{{}} for class: class com.odop.root.models.Admin in collection: admins
2026-02-15T12:27:43.993+05:30 DEBUG 26728 --- [ODOP] [io-50982-exec-2] o.s.d.m.r.query.MongoQueryCreator        : Created query Query: { "emailAddress" : "customer1-mlne829d@odop.demo"}, Fields: {}, Sort: {}
2026-02-15T12:27:43.994+05:30 DEBUG 26728 --- [ODOP] [io-50982-exec-2] o.s.data.mongodb.core.MongoTemplate      : find using query: { "emailAddress" : "customer1-mlne829d@odop.demo"} fields: Document{{}} for class: class com.odop.root.models.Customer in collection: customers
DEBUG [UserDetailsService]: Customer found: 532cea8c-a762-43fb-8184-3003c19c0da9
DEBUG [Filter shouldNotFilter]: URI: /odop/cart/save_cart, shouldSkip: false
2026-02-15T12:27:43.999+05:30  INFO 26728 --- [ODOP] [io-50982-exec-2] com.odop.root.services.CartService       : Attempting to save cart for customer: b05fe8b7-2dce-44fc-bd78-520d2d2a8aae, productId: 69916e63a7b87168f66e4688
2026-02-15T12:27:44.000+05:30 DEBUG 26728 --- [ODOP] [io-50982-exec-2] o.s.data.mongodb.core.MongoTemplate      : findOne using query: { "productId" : "69916e63a7b87168f66e4688"} fields: Document{{}} for class: class com.odop.root.models.Products in collection: products
2026-02-15T12:27:44.001+05:30  INFO 26728 --- [ODOP] [io-50982-exec-2] com.odop.root.services.CartService       : Found product: ODOP Product 2
2026-02-15T12:27:44.001+05:30 DEBUG 26728 --- [ODOP] [io-50982-exec-2] o.s.data.mongodb.core.MongoTemplate      : Inserting Document containing fields: [customerId, totalAmount, totalItems, status, vendorId, approval, productId, product, quantity, time, createdAt, _class] in collection: carts
DEBUG [Filter shouldNotFilter]: URI: /odop/cart/save_cart, shouldSkip: false
DEBUG [UserDetailsService]: loadUserByUsername called for: customer1-mlne829d@odop.demo
2026-02-15T12:27:44.098+05:30 DEBUG 26728 --- [ODOP] [io-50982-exec-4] o.s.d.m.r.query.MongoQueryCreator        : Created query Query: { "emailAddress" : "customer1-mlne829d@odop.demo"}, Fields: {}, Sort: {}
2026-02-15T12:27:44.098+05:30 DEBUG 26728 --- [ODOP] [io-50982-exec-4] o.s.data.mongodb.core.MongoTemplate      : find using query: { "emailAddress" : "customer1-mlne829d@odop.demo"} fields: Document{{}} for class: class com.odop.root.models.Admin in collection: admins
2026-02-15T12:27:44.100+05:30 DEBUG 26728 --- [ODOP] [io-50982-exec-4] o.s.d.m.r.query.MongoQueryCreator        : Created query Query: { "emailAddress" : "customer1-mlne829d@odop.demo"}, Fields: {}, Sort: {}
2026-02-15T12:27:44.100+05:30 DEBUG 26728 --- [ODOP] [io-50982-exec-4] o.s.data.mongodb.core.MongoTemplate      : find using query: { "emailAddress" : "customer1-mlne829d@odop.demo"} fields: Document{{}} for class: class com.odop.root.models.Customer in collection: customers
DEBUG [UserDetailsService]: Customer found: 532cea8c-a762-43fb-8184-3003c19c0da9
DEBUG [Filter shouldNotFilter]: URI: /odop/cart/save_cart, shouldSkip: false
2026-02-15T12:27:44.105+05:30  INFO 26728 --- [ODOP] [io-50982-exec-4] com.odop.root.services.CartService       : Attempting to save cart for customer: a2ef6bac-a7fd-44b9-8b60-dac391901930, productId: 69916e64a7b87168f66e4689
2026-02-15T12:27:44.107+05:30 DEBUG 26728 --- [ODOP] [io-50982-exec-4] o.s.data.mongodb.core.MongoTemplate      : findOne using query: { "productId" : "69916e64a7b87168f66e4689"} fields: Document{{}} for class: class com.odop.root.models.Products in collection: products
2026-02-15T12:27:44.108+05:30  INFO 26728 --- [ODOP] [io-50982-exec-4] com.odop.root.services.CartService       : Found product: ODOP Product 3
2026-02-15T12:27:44.109+05:30 DEBUG 26728 --- [ODOP] [io-50982-exec-4] o.s.data.mongodb.core.MongoTemplate      : Inserting Document containing fields: [customerId, totalAmount, totalItems, status, vendorId, approval, productId, product, quantity, time, createdAt, _class] in collection: carts
DEBUG [Filter shouldNotFilter]: URI: /odop/cart/save_cart, shouldSkip: false
DEBUG [UserDetailsService]: loadUserByUsername called for: customer1-mlne829d@odop.demo
2026-02-15T12:27:44.207+05:30 DEBUG 26728 --- [ODOP] [io-50982-exec-3] o.s.d.m.r.query.MongoQueryCreator        : Created query Query: { "emailAddress" : "customer1-mlne829d@odop.demo"}, Fields: {}, Sort: {}
2026-02-15T12:27:44.208+05:30 DEBUG 26728 --- [ODOP] [io-50982-exec-3] o.s.data.mongodb.core.MongoTemplate      : find using query: { "emailAddress" : "customer1-mlne829d@odop.demo"} fields: Document{{}} for class: class com.odop.root.models.Admin in collection: admins
2026-02-15T12:27:44.209+05:30 DEBUG 26728 --- [ODOP] [io-50982-exec-3] o.s.d.m.r.query.MongoQueryCreator        : Created query Query: { "emailAddress" : "customer1-mlne829d@odop.demo"}, Fields: {}, Sort: {}
2026-02-15T12:27:44.209+05:30 DEBUG 26728 --- [ODOP] [io-50982-exec-3] o.s.data.mongodb.core.MongoTemplate      : find using query: { "emailAddress" : "customer1-mlne829d@odop.demo"} fields: Document{{}} for class: class com.odop.root.models.Customer in collection: customers
DEBUG [UserDetailsService]: Customer found: 532cea8c-a762-43fb-8184-3003c19c0da9
DEBUG [Filter shouldNotFilter]: URI: /odop/cart/save_cart, shouldSkip: false
2026-02-15T12:27:44.224+05:30  INFO 26728 --- [ODOP] [io-50982-exec-3] com.odop.root.services.CartService       : Attempting to save cart for customer: 44e53a0a-d883-4575-8276-91e92c6d305a, productId: 69916e64a7b87168f66e468a
2026-02-15T12:27:44.224+05:30 DEBUG 26728 --- [ODOP] [io-50982-exec-3] o.s.data.mongodb.core.MongoTemplate      : findOne using query: { "productId" : "69916e64a7b87168f66e468a"} fields: Document{{}} for class: class com.odop.root.models.Products in collection: products
2026-02-15T12:27:44.225+05:30  INFO 26728 --- [ODOP] [io-50982-exec-3] com.odop.root.services.CartService       : Found product: ODOP Product 4
2026-02-15T12:27:44.226+05:30 DEBUG 26728 --- [ODOP] [io-50982-exec-3] o.s.data.mongodb.core.MongoTemplate      : Inserting Document containing fields: [customerId, totalAmount, totalItems, status, vendorId, approval, productId, product, quantity, time, createdAt, _class] in collection: carts
DEBUG [Filter shouldNotFilter]: URI: /odop/cart/save_cart, shouldSkip: false
DEBUG [UserDetailsService]: loadUserByUsername called for: customer1-mlne829d@odop.demo
2026-02-15T12:27:44.314+05:30 DEBUG 26728 --- [ODOP] [io-50982-exec-5] o.s.d.m.r.query.MongoQueryCreator        : Created query Query: { "emailAddress" : "customer1-mlne829d@odop.demo"}, Fields: {}, Sort: {}
2026-02-15T12:27:44.314+05:30 DEBUG 26728 --- [ODOP] [io-50982-exec-5] o.s.data.mongodb.core.MongoTemplate      : find using query: { "emailAddress" : "customer1-mlne829d@odop.demo"} fields: Document{{}} for class: class com.odop.root.models.Admin in collection: admins
2026-02-15T12:27:44.316+05:30 DEBUG 26728 --- [ODOP] [io-50982-exec-5] o.s.d.m.r.query.MongoQueryCreator        : Created query Query: { "emailAddress" : "customer1-mlne829d@odop.demo"}, Fields: {}, Sort: {}
2026-02-15T12:27:44.316+05:30 DEBUG 26728 --- [ODOP] [io-50982-exec-5] o.s.data.mongodb.core.MongoTemplate      : find using query: { "emailAddress" : "customer1-mlne829d@odop.demo"} fields: Document{{}} for class: class com.odop.root.models.Customer in collection: customers
DEBUG [UserDetailsService]: Customer found: 532cea8c-a762-43fb-8184-3003c19c0da9
DEBUG [Filter shouldNotFilter]: URI: /odop/cart/save_cart, shouldSkip: false
2026-02-15T12:27:44.321+05:30  INFO 26728 --- [ODOP] [io-50982-exec-5] com.odop.root.services.CartService       : Attempting to save cart for customer: ddc5b06f-95eb-434c-999f-de34bb7c90ea, productId: 69916e65a7b87168f66e468b
2026-02-15T12:27:44.322+05:30 DEBUG 26728 --- [ODOP] [io-50982-exec-5] o.s.data.mongodb.core.MongoTemplate      : findOne using query: { "productId" : "69916e65a7b87168f66e468b"} fields: Document{{}} for class: class com.odop.root.models.Products in collection: products
2026-02-15T12:27:44.323+05:30  INFO 26728 --- [ODOP] [io-50982-exec-5] com.odop.root.services.CartService       : Found product: ODOP Product 5
2026-02-15T12:27:44.324+05:30 DEBUG 26728 --- [ODOP] [io-50982-exec-5] o.s.data.mongodb.core.MongoTemplate      : Inserting Document containing fields: [customerId, totalAmount, totalItems, status, vendorId, approval, productId, product, quantity, time, createdAt, _class] in collection: carts
DEBUG [Filter shouldNotFilter]: URI: /odop/cart/save_cart, shouldSkip: false
DEBUG [UserDetailsService]: loadUserByUsername called for: customer1-mlne829d@odop.demo
2026-02-15T12:27:44.422+05:30 DEBUG 26728 --- [ODOP] [io-50982-exec-6] o.s.d.m.r.query.MongoQueryCreator        : Created query Query: { "emailAddress" : "customer1-mlne829d@odop.demo"}, Fields: {}, Sort: {}
2026-02-15T12:27:44.422+05:30 DEBUG 26728 --- [ODOP] [io-50982-exec-6] o.s.data.mongodb.core.MongoTemplate      : find using query: { "emailAddress" : "customer1-mlne829d@odop.demo"} fields: Document{{}} for class: class com.odop.root.models.Admin in collection: admins
2026-02-15T12:27:44.425+05:30 DEBUG 26728 --- [ODOP] [io-50982-exec-6] o.s.d.m.r.query.MongoQueryCreator        : Created query Query: { "emailAddress" : "customer1-mlne829d@odop.demo"}, Fields: {}, Sort: {}
2026-02-15T12:27:44.425+05:30 DEBUG 26728 --- [ODOP] [io-50982-exec-6] o.s.data.mongodb.core.MongoTemplate      : find using query: { "emailAddress" : "customer1-mlne829d@odop.demo"} fields: Document{{}} for class: class com.odop.root.models.Customer in collection: customers
DEBUG [UserDetailsService]: Customer found: 532cea8c-a762-43fb-8184-3003c19c0da9
DEBUG [Filter shouldNotFilter]: URI: /odop/cart/save_cart, shouldSkip: false
2026-02-15T12:27:44.430+05:30  INFO 26728 --- [ODOP] [io-50982-exec-6] com.odop.root.services.CartService       : Attempting to save cart for customer: d9ce9772-8491-45f2-956c-314b4b218e51, productId: 69916e65a7b87168f66e468c
2026-02-15T12:27:44.430+05:30 DEBUG 26728 --- [ODOP] [io-50982-exec-6] o.s.data.mongodb.core.MongoTemplate      : findOne using query: { "productId" : "69916e65a7b87168f66e468c"} fields: Document{{}} for class: class com.odop.root.models.Products in collection: products
2026-02-15T12:27:44.432+05:30  INFO 26728 --- [ODOP] [io-50982-exec-6] com.odop.root.services.CartService       : Found product: ODOP Product 6
2026-02-15T12:27:44.432+05:30 DEBUG 26728 --- [ODOP] [io-50982-exec-6] o.s.data.mongodb.core.MongoTemplate      : Inserting Document containing fields: [customerId, totalAmount, totalItems, status, vendorId, approval, productId, product, quantity, time, createdAt, _class] in collection: carts
DEBUG [Filter shouldNotFilter]: URI: /odop/cart/save_cart, shouldSkip: false
DEBUG [UserDetailsService]: loadUserByUsername called for: customer1-mlne829d@odop.demo
2026-02-15T12:27:44.532+05:30 DEBUG 26728 --- [ODOP] [io-50982-exec-7] o.s.d.m.r.query.MongoQueryCreator        : Created query Query: { "emailAddress" : "customer1-mlne829d@odop.demo"}, Fields: {}, Sort: {}
2026-02-15T12:27:44.532+05:30 DEBUG 26728 --- [ODOP] [io-50982-exec-7] o.s.data.mongodb.core.MongoTemplate      : find using query: { "emailAddress" : "customer1-mlne829d@odop.demo"} fields: Document{{}} for class: class com.odop.root.models.Admin in collection: admins
2026-02-15T12:27:44.534+05:30 DEBUG 26728 --- [ODOP] [io-50982-exec-7] o.s.d.m.r.query.MongoQueryCreator        : Created query Query: { "emailAddress" : "customer1-mlne829d@odop.demo"}, Fields: {}, Sort: {}
2026-02-15T12:27:44.534+05:30 DEBUG 26728 --- [ODOP] [io-50982-exec-7] o.s.data.mongodb.core.MongoTemplate      : find using query: { "emailAddress" : "customer1-mlne829d@odop.demo"} fields: Document{{}} for class: class com.odop.root.models.Customer in collection: customers
DEBUG [UserDetailsService]: Customer found: 532cea8c-a762-43fb-8184-3003c19c0da9
DEBUG [Filter shouldNotFilter]: URI: /odop/cart/save_cart, shouldSkip: false
2026-02-15T12:27:44.539+05:30  INFO 26728 --- [ODOP] [io-50982-exec-7] com.odop.root.services.CartService       : Attempting to save cart for customer: 4c3771b1-7b14-4ed9-934e-838e8886ec54, productId: 69916e66a7b87168f66e468d
2026-02-15T12:27:44.540+05:30 DEBUG 26728 --- [ODOP] [io-50982-exec-7] o.s.data.mongodb.core.MongoTemplate      : findOne using query: { "productId" : "69916e66a7b87168f66e468d"} fields: Document{{}} for class: class com.odop.root.models.Products in collection: products
2026-02-15T12:27:44.542+05:30  INFO 26728 --- [ODOP] [io-50982-exec-7] com.odop.root.services.CartService       : Found product: ODOP Product 7
2026-02-15T12:27:44.542+05:30 DEBUG 26728 --- [ODOP] [io-50982-exec-7] o.s.data.mongodb.core.MongoTemplate      : Inserting Document containing fields: [customerId, totalAmount, totalItems, status, vendorId, approval, productId, product, quantity, time, createdAt, _class] in collection: carts
DEBUG [Filter shouldNotFilter]: URI: /odop/cart/save_cart, shouldSkip: false
DEBUG [UserDetailsService]: loadUserByUsername called for: customer1-mlne829d@odop.demo
2026-02-15T12:27:44.640+05:30 DEBUG 26728 --- [ODOP] [io-50982-exec-8] o.s.d.m.r.query.MongoQueryCreator        : Created query Query: { "emailAddress" : "customer1-mlne829d@odop.demo"}, Fields: {}, Sort: {}
2026-02-15T12:27:44.640+05:30 DEBUG 26728 --- [ODOP] [io-50982-exec-8] o.s.data.mongodb.core.MongoTemplate      : find using query: { "emailAddress" : "customer1-mlne829d@odop.demo"} fields: Document{{}} for class: class com.odop.root.models.Admin in collection: admins
2026-02-15T12:27:44.642+05:30 DEBUG 26728 --- [ODOP] [io-50982-exec-8] o.s.d.m.r.query.MongoQueryCreator        : Created query Query: { "emailAddress" : "customer1-mlne829d@odop.demo"}, Fields: {}, Sort: {}
2026-02-15T12:27:44.642+05:30 DEBUG 26728 --- [ODOP] [io-50982-exec-8] o.s.data.mongodb.core.MongoTemplate      : find using query: { "emailAddress" : "customer1-mlne829d@odop.demo"} fields: Document{{}} for class: class com.odop.root.models.Customer in collection: customers
DEBUG [UserDetailsService]: Customer found: 532cea8c-a762-43fb-8184-3003c19c0da9
DEBUG [Filter shouldNotFilter]: URI: /odop/cart/save_cart, shouldSkip: false
2026-02-15T12:27:44.648+05:30  INFO 26728 --- [ODOP] [io-50982-exec-8] com.odop.root.services.CartService       : Attempting to save cart for customer: 217d404e-4832-4d63-9406-b49afd0ed0df, productId: 69916e66a7b87168f66e468e
2026-02-15T12:27:44.648+05:30 DEBUG 26728 --- [ODOP] [io-50982-exec-8] o.s.data.mongodb.core.MongoTemplate      : findOne using query: { "productId" : "69916e66a7b87168f66e468e"} fields: Document{{}} for class: class com.odop.root.models.Products in collection: products
2026-02-15T12:27:44.650+05:30  INFO 26728 --- [ODOP] [io-50982-exec-8] com.odop.root.services.CartService       : Found product: ODOP Product 8
2026-02-15T12:27:44.650+05:30 DEBUG 26728 --- [ODOP] [io-50982-exec-8] o.s.data.mongodb.core.MongoTemplate      : Inserting Document containing fields: [customerId, totalAmount, totalItems, status, vendorId, approval, productId, product, quantity, time, createdAt, _class] in collection: carts
DEBUG [Filter shouldNotFilter]: URI: /odop/cart/save_cart, shouldSkip: false
DEBUG [UserDetailsService]: loadUserByUsername called for: customer1-mlne829d@odop.demo
2026-02-15T12:27:44.749+05:30 DEBUG 26728 --- [ODOP] [io-50982-exec-9] o.s.d.m.r.query.MongoQueryCreator        : Created query Query: { "emailAddress" : "customer1-mlne829d@odop.demo"}, Fields: {}, Sort: {}
2026-02-15T12:27:44.749+05:30 DEBUG 26728 --- [ODOP] [io-50982-exec-9] o.s.data.mongodb.core.MongoTemplate      : find using query: { "emailAddress" : "customer1-mlne829d@odop.demo"} fields: Document{{}} for class: class com.odop.root.models.Admin in collection: admins
2026-02-15T12:27:44.750+05:30 DEBUG 26728 --- [ODOP] [io-50982-exec-9] o.s.d.m.r.query.MongoQueryCreator        : Created query Query: { "emailAddress" : "customer1-mlne829d@odop.demo"}, Fields: {}, Sort: {}
2026-02-15T12:27:44.751+05:30 DEBUG 26728 --- [ODOP] [io-50982-exec-9] o.s.data.mongodb.core.MongoTemplate      : find using query: { "emailAddress" : "customer1-mlne829d@odop.demo"} fields: Document{{}} for class: class com.odop.root.models.Customer in collection: customers
DEBUG [UserDetailsService]: Customer found: 532cea8c-a762-43fb-8184-3003c19c0da9
DEBUG [Filter shouldNotFilter]: URI: /odop/cart/save_cart, shouldSkip: false
2026-02-15T12:27:44.756+05:30  INFO 26728 --- [ODOP] [io-50982-exec-9] com.odop.root.services.CartService       : Attempting to save cart for customer: de26e414-849b-47f9-a562-db3aa100a328, productId: 69916e67a7b87168f66e468f
2026-02-15T12:27:44.756+05:30 DEBUG 26728 --- [ODOP] [io-50982-exec-9] o.s.data.mongodb.core.MongoTemplate      : findOne using query: { "productId" : "69916e67a7b87168f66e468f"} fields: Document{{}} for class: class com.odop.root.models.Products in collection: products
2026-02-15T12:27:44.758+05:30  INFO 26728 --- [ODOP] [io-50982-exec-9] com.odop.root.services.CartService       : Found product: ODOP Product 9
2026-02-15T12:27:44.759+05:30 DEBUG 26728 --- [ODOP] [io-50982-exec-9] o.s.data.mongodb.core.MongoTemplate      : Inserting Document containing fields: [customerId, totalAmount, totalItems, status, vendorId, approval, productId, product, quantity, time, createdAt, _class] in collection: carts
DEBUG [Filter shouldNotFilter]: URI: /odop/cart/save_cart, shouldSkip: false
DEBUG [UserDetailsService]: loadUserByUsername called for: customer1-mlne829d@odop.demo
2026-02-15T12:27:44.857+05:30 DEBUG 26728 --- [ODOP] [o-50982-exec-10] o.s.d.m.r.query.MongoQueryCreator        : Created query Query: { "emailAddress" : "customer1-mlne829d@odop.demo"}, Fields: {}, Sort: {}
2026-02-15T12:27:44.858+05:30 DEBUG 26728 --- [ODOP] [o-50982-exec-10] o.s.data.mongodb.core.MongoTemplate      : find using query: { "emailAddress" : "customer1-mlne829d@odop.demo"} fields: Document{{}} for class: class com.odop.root.models.Admin in collection: admins
2026-02-15T12:27:44.859+05:30 DEBUG 26728 --- [ODOP] [o-50982-exec-10] o.s.d.m.r.query.MongoQueryCreator        : Created query Query: { "emailAddress" : "customer1-mlne829d@odop.demo"}, Fields: {}, Sort: {}
2026-02-15T12:27:44.859+05:30 DEBUG 26728 --- [ODOP] [o-50982-exec-10] o.s.data.mongodb.core.MongoTemplate      : find using query: { "emailAddress" : "customer1-mlne829d@odop.demo"} fields: Document{{}} for class: class com.odop.root.models.Customer in collection: customers
DEBUG [UserDetailsService]: Customer found: 532cea8c-a762-43fb-8184-3003c19c0da9
DEBUG [Filter shouldNotFilter]: URI: /odop/cart/save_cart, shouldSkip: false
2026-02-15T12:27:44.863+05:30  INFO 26728 --- [ODOP] [o-50982-exec-10] com.odop.root.services.CartService       : Attempting to save cart for customer: 566eff74-1b42-4909-b2b4-6e4738ca7683, productId: 69916e67a7b87168f66e4690
2026-02-15T12:27:44.865+05:30 DEBUG 26728 --- [ODOP] [o-50982-exec-10] o.s.data.mongodb.core.MongoTemplate      : findOne using query: { "productId" : "69916e67a7b87168f66e4690"} fields: Document{{}} for class: class com.odop.root.models.Products in collection: products
2026-02-15T12:27:44.867+05:30  INFO 26728 --- [ODOP] [o-50982-exec-10] com.odop.root.services.CartService       : Found product: ODOP Product 10
2026-02-15T12:27:44.867+05:30 DEBUG 26728 --- [ODOP] [o-50982-exec-10] o.s.data.mongodb.core.MongoTemplate      : Inserting Document containing fields: [customerId, totalAmount, totalItems, status, vendorId, approval, productId, product, quantity, time, createdAt, _class] in collection: carts
DEBUG [Filter shouldNotFilter]: URI: /odop/order/create, shouldSkip: false
DEBUG [UserDetailsService]: loadUserByUsername called for: customer1-mlne829d@odop.demo
2026-02-15T12:27:44.967+05:30 DEBUG 26728 --- [ODOP] [io-50982-exec-1] o.s.d.m.r.query.MongoQueryCreator        : Created query Query: { "emailAddress" : "customer1-mlne829d@odop.demo"}, Fields: {}, Sort: {}
2026-02-15T12:27:44.967+05:30 DEBUG 26728 --- [ODOP] [io-50982-exec-1] o.s.data.mongodb.core.MongoTemplate      : find using query: { "emailAddress" : "customer1-mlne829d@odop.demo"} fields: Document{{}} for class: class com.odop.root.models.Admin in collection: admins
2026-02-15T12:27:44.968+05:30 DEBUG 26728 --- [ODOP] [io-50982-exec-1] o.s.d.m.r.query.MongoQueryCreator        : Created query Query: { "emailAddress" : "customer1-mlne829d@odop.demo"}, Fields: {}, Sort: {}
2026-02-15T12:27:44.968+05:30 DEBUG 26728 --- [ODOP] [io-50982-exec-1] o.s.data.mongodb.core.MongoTemplate      : find using query: { "emailAddress" : "customer1-mlne829d@odop.demo"} fields: Document{{}} for class: class com.odop.root.models.Customer in collection: customers
DEBUG [UserDetailsService]: Customer found: 532cea8c-a762-43fb-8184-3003c19c0da9
DEBUG [Filter shouldNotFilter]: URI: /odop/order/create, shouldSkip: false
2026-02-15T12:27:44.983+05:30 DEBUG 26728 --- [ODOP] [io-50982-exec-1] o.s.data.mongodb.core.MongoTemplate      : Inserting Document containing fields: [customerId, vendorId, orderItems, totalAmount, discountAmount, deliveryCharges, finalAmount, shippingAddress, shippingDistrict, shippingState, shippingPinCode, shippingContactNumber, orderStatus, paymentStatus, paymentMethod, customerNotes, createdAt, updatedAt, _class] in collection: orders
DEBUG [Filter shouldNotFilter]: URI: /odop/order/create, shouldSkip: false
DEBUG [UserDetailsService]: loadUserByUsername called for: customer1-mlne829d@odop.demo
2026-02-15T12:27:45.076+05:30 DEBUG 26728 --- [ODOP] [io-50982-exec-2] o.s.d.m.r.query.MongoQueryCreator        : Created query Query: { "emailAddress" : "customer1-mlne829d@odop.demo"}, Fields: {}, Sort: {}
2026-02-15T12:27:45.076+05:30 DEBUG 26728 --- [ODOP] [io-50982-exec-2] o.s.data.mongodb.core.MongoTemplate      : find using query: { "emailAddress" : "customer1-mlne829d@odop.demo"} fields: Document{{}} for class: class com.odop.root.models.Admin in collection: admins
2026-02-15T12:27:45.077+05:30 DEBUG 26728 --- [ODOP] [io-50982-exec-2] o.s.d.m.r.query.MongoQueryCreator        : Created query Query: { "emailAddress" : "customer1-mlne829d@odop.demo"}, Fields: {}, Sort: {}
2026-02-15T12:27:45.077+05:30 DEBUG 26728 --- [ODOP] [io-50982-exec-2] o.s.data.mongodb.core.MongoTemplate      : find using query: { "emailAddress" : "customer1-mlne829d@odop.demo"} fields: Document{{}} for class: class com.odop.root.models.Customer in collection: customers
DEBUG [UserDetailsService]: Customer found: 532cea8c-a762-43fb-8184-3003c19c0da9
DEBUG [Filter shouldNotFilter]: URI: /odop/order/create, shouldSkip: false
2026-02-15T12:27:45.086+05:30 DEBUG 26728 --- [ODOP] [io-50982-exec-2] o.s.data.mongodb.core.MongoTemplate      : Inserting Document containing fields: [customerId, vendorId, orderItems, totalAmount, discountAmount, deliveryCharges, finalAmount, shippingAddress, shippingDistrict, shippingState, shippingPinCode, shippingContactNumber, orderStatus, paymentStatus, paymentMethod, customerNotes, createdAt, updatedAt, _class] in collection: orders
DEBUG [Filter shouldNotFilter]: URI: /odop/order/create, shouldSkip: false
DEBUG [UserDetailsService]: loadUserByUsername called for: customer1-mlne829d@odop.demo
2026-02-15T12:27:45.183+05:30 DEBUG 26728 --- [ODOP] [io-50982-exec-4] o.s.d.m.r.query.MongoQueryCreator        : Created query Query: { "emailAddress" : "customer1-mlne829d@odop.demo"}, Fields: {}, Sort: {}
2026-02-15T12:27:45.184+05:30 DEBUG 26728 --- [ODOP] [io-50982-exec-4] o.s.data.mongodb.core.MongoTemplate      : find using query: { "emailAddress" : "customer1-mlne829d@odop.demo"} fields: Document{{}} for class: class com.odop.root.models.Admin in collection: admins
2026-02-15T12:27:45.186+05:30 DEBUG 26728 --- [ODOP] [io-50982-exec-4] o.s.d.m.r.query.MongoQueryCreator        : Created query Query: { "emailAddress" : "customer1-mlne829d@odop.demo"}, Fields: {}, Sort: {}
2026-02-15T12:27:45.186+05:30 DEBUG 26728 --- [ODOP] [io-50982-exec-4] o.s.data.mongodb.core.MongoTemplate      : find using query: { "emailAddress" : "customer1-mlne829d@odop.demo"} fields: Document{{}} for class: class com.odop.root.models.Customer in collection: customers
DEBUG [UserDetailsService]: Customer found: 532cea8c-a762-43fb-8184-3003c19c0da9
DEBUG [Filter shouldNotFilter]: URI: /odop/order/create, shouldSkip: false
2026-02-15T12:27:45.193+05:30 DEBUG 26728 --- [ODOP] [io-50982-exec-4] o.s.data.mongodb.core.MongoTemplate      : Inserting Document containing fields: [customerId, vendorId, orderItems, totalAmount, discountAmount, deliveryCharges, finalAmount, shippingAddress, shippingDistrict, shippingState, shippingPinCode, shippingContactNumber, orderStatus, paymentStatus, paymentMethod, customerNotes, createdAt, updatedAt, _class] in collection: orders
DEBUG [Filter shouldNotFilter]: URI: /odop/order/create, shouldSkip: false
DEBUG [UserDetailsService]: loadUserByUsername called for: customer1-mlne829d@odop.demo
2026-02-15T12:27:45.293+05:30 DEBUG 26728 --- [ODOP] [io-50982-exec-3] o.s.d.m.r.query.MongoQueryCreator        : Created query Query: { "emailAddress" : "customer1-mlne829d@odop.demo"}, Fields: {}, Sort: {}
2026-02-15T12:27:45.294+05:30 DEBUG 26728 --- [ODOP] [io-50982-exec-3] o.s.data.mongodb.core.MongoTemplate      : find using query: { "emailAddress" : "customer1-mlne829d@odop.demo"} fields: Document{{}} for class: class com.odop.root.models.Admin in collection: admins
2026-02-15T12:27:45.295+05:30 DEBUG 26728 --- [ODOP] [io-50982-exec-3] o.s.d.m.r.query.MongoQueryCreator        : Created query Query: { "emailAddress" : "customer1-mlne829d@odop.demo"}, Fields: {}, Sort: {}
2026-02-15T12:27:45.296+05:30 DEBUG 26728 --- [ODOP] [io-50982-exec-3] o.s.data.mongodb.core.MongoTemplate      : find using query: { "emailAddress" : "customer1-mlne829d@odop.demo"} fields: Document{{}} for class: class com.odop.root.models.Customer in collection: customers
DEBUG [UserDetailsService]: Customer found: 532cea8c-a762-43fb-8184-3003c19c0da9
DEBUG [Filter shouldNotFilter]: URI: /odop/order/create, shouldSkip: false
2026-02-15T12:27:45.303+05:30 DEBUG 26728 --- [ODOP] [io-50982-exec-3] o.s.data.mongodb.core.MongoTemplate      : Inserting Document containing fields: [customerId, vendorId, orderItems, totalAmount, discountAmount, deliveryCharges, finalAmount, shippingAddress, shippingDistrict, shippingState, shippingPinCode, shippingContactNumber, orderStatus, paymentStatus, paymentMethod, customerNotes, createdAt, updatedAt, _class] in collection: orders
DEBUG [Filter shouldNotFilter]: URI: /odop/order/create, shouldSkip: false
DEBUG [UserDetailsService]: loadUserByUsername called for: customer1-mlne829d@odop.demo
2026-02-15T12:27:45.400+05:30 DEBUG 26728 --- [ODOP] [io-50982-exec-5] o.s.d.m.r.query.MongoQueryCreator        : Created query Query: { "emailAddress" : "customer1-mlne829d@odop.demo"}, Fields: {}, Sort: {}
2026-02-15T12:27:45.400+05:30 DEBUG 26728 --- [ODOP] [io-50982-exec-5] o.s.data.mongodb.core.MongoTemplate      : find using query: { "emailAddress" : "customer1-mlne829d@odop.demo"} fields: Document{{}} for class: class com.odop.root.models.Admin in collection: admins
2026-02-15T12:27:45.401+05:30 DEBUG 26728 --- [ODOP] [io-50982-exec-5] o.s.d.m.r.query.MongoQueryCreator        : Created query Query: { "emailAddress" : "customer1-mlne829d@odop.demo"}, Fields: {}, Sort: {}
2026-02-15T12:27:45.401+05:30 DEBUG 26728 --- [ODOP] [io-50982-exec-5] o.s.data.mongodb.core.MongoTemplate      : find using query: { "emailAddress" : "customer1-mlne829d@odop.demo"} fields: Document{{}} for class: class com.odop.root.models.Customer in collection: customers
DEBUG [UserDetailsService]: Customer found: 532cea8c-a762-43fb-8184-3003c19c0da9
DEBUG [Filter shouldNotFilter]: URI: /odop/order/create, shouldSkip: false
2026-02-15T12:27:45.408+05:30 DEBUG 26728 --- [ODOP] [io-50982-exec-5] o.s.data.mongodb.core.MongoTemplate      : Inserting Document containing fields: [customerId, vendorId, orderItems, totalAmount, discountAmount, deliveryCharges, finalAmount, shippingAddress, shippingDistrict, shippingState, shippingPinCode, shippingContactNumber, orderStatus, paymentStatus, paymentMethod, customerNotes, createdAt, updatedAt, _class] in collection: orders
DEBUG [Filter shouldNotFilter]: URI: /odop/order/create, shouldSkip: false
DEBUG [UserDetailsService]: loadUserByUsername called for: customer1-mlne829d@odop.demo
2026-02-15T12:27:45.494+05:30 DEBUG 26728 --- [ODOP] [io-50982-exec-6] o.s.d.m.r.query.MongoQueryCreator        : Created query Query: { "emailAddress" : "customer1-mlne829d@odop.demo"}, Fields: {}, Sort: {}
2026-02-15T12:27:45.494+05:30 DEBUG 26728 --- [ODOP] [io-50982-exec-6] o.s.data.mongodb.core.MongoTemplate      : find using query: { "emailAddress" : "customer1-mlne829d@odop.demo"} fields: Document{{}} for class: class com.odop.root.models.Admin in collection: admins
2026-02-15T12:27:45.495+05:30 DEBUG 26728 --- [ODOP] [io-50982-exec-6] o.s.d.m.r.query.MongoQueryCreator        : Created query Query: { "emailAddress" : "customer1-mlne829d@odop.demo"}, Fields: {}, Sort: {}
2026-02-15T12:27:45.496+05:30 DEBUG 26728 --- [ODOP] [io-50982-exec-6] o.s.data.mongodb.core.MongoTemplate      : find using query: { "emailAddress" : "customer1-mlne829d@odop.demo"} fields: Document{{}} for class: class com.odop.root.models.Customer in collection: customers
DEBUG [UserDetailsService]: Customer found: 532cea8c-a762-43fb-8184-3003c19c0da9
DEBUG [Filter shouldNotFilter]: URI: /odop/order/create, shouldSkip: false
2026-02-15T12:27:45.501+05:30 DEBUG 26728 --- [ODOP] [io-50982-exec-6] o.s.data.mongodb.core.MongoTemplate      : Inserting Document containing fields: [customerId, vendorId, orderItems, totalAmount, discountAmount, deliveryCharges, finalAmount, shippingAddress, shippingDistrict, shippingState, shippingPinCode, shippingContactNumber, orderStatus, paymentStatus, paymentMethod, customerNotes, createdAt, updatedAt, _class] in collection: orders
DEBUG [Filter shouldNotFilter]: URI: /odop/order/create, shouldSkip: false
DEBUG [UserDetailsService]: loadUserByUsername called for: customer1-mlne829d@odop.demo
2026-02-15T12:27:45.601+05:30 DEBUG 26728 --- [ODOP] [io-50982-exec-7] o.s.d.m.r.query.MongoQueryCreator        : Created query Query: { "emailAddress" : "customer1-mlne829d@odop.demo"}, Fields: {}, Sort: {}
2026-02-15T12:27:45.601+05:30 DEBUG 26728 --- [ODOP] [io-50982-exec-7] o.s.data.mongodb.core.MongoTemplate      : find using query: { "emailAddress" : "customer1-mlne829d@odop.demo"} fields: Document{{}} for class: class com.odop.root.models.Admin in collection: admins
2026-02-15T12:27:45.603+05:30 DEBUG 26728 --- [ODOP] [io-50982-exec-7] o.s.d.m.r.query.MongoQueryCreator        : Created query Query: { "emailAddress" : "customer1-mlne829d@odop.demo"}, Fields: {}, Sort: {}
2026-02-15T12:27:45.603+05:30 DEBUG 26728 --- [ODOP] [io-50982-exec-7] o.s.data.mongodb.core.MongoTemplate      : find using query: { "emailAddress" : "customer1-mlne829d@odop.demo"} fields: Document{{}} for class: class com.odop.root.models.Customer in collection: customers
DEBUG [UserDetailsService]: Customer found: 532cea8c-a762-43fb-8184-3003c19c0da9
DEBUG [Filter shouldNotFilter]: URI: /odop/order/create, shouldSkip: false
2026-02-15T12:27:45.608+05:30 DEBUG 26728 --- [ODOP] [io-50982-exec-7] o.s.data.mongodb.core.MongoTemplate      : Inserting Document containing fields: [customerId, vendorId, orderItems, totalAmount, discountAmount, deliveryCharges, finalAmount, shippingAddress, shippingDistrict, shippingState, shippingPinCode, shippingContactNumber, orderStatus, paymentStatus, paymentMethod, customerNotes, createdAt, updatedAt, _class] in collection: orders
DEBUG [Filter shouldNotFilter]: URI: /odop/order/create, shouldSkip: false
DEBUG [UserDetailsService]: loadUserByUsername called for: customer1-mlne829d@odop.demo
2026-02-15T12:27:45.694+05:30 DEBUG 26728 --- [ODOP] [io-50982-exec-8] o.s.d.m.r.query.MongoQueryCreator        : Created query Query: { "emailAddress" : "customer1-mlne829d@odop.demo"}, Fields: {}, Sort: {}
2026-02-15T12:27:45.694+05:30 DEBUG 26728 --- [ODOP] [io-50982-exec-8] o.s.data.mongodb.core.MongoTemplate      : find using query: { "emailAddress" : "customer1-mlne829d@odop.demo"} fields: Document{{}} for class: class com.odop.root.models.Admin in collection: admins
2026-02-15T12:27:45.696+05:30 DEBUG 26728 --- [ODOP] [io-50982-exec-8] o.s.d.m.r.query.MongoQueryCreator        : Created query Query: { "emailAddress" : "customer1-mlne829d@odop.demo"}, Fields: {}, Sort: {}
2026-02-15T12:27:45.696+05:30 DEBUG 26728 --- [ODOP] [io-50982-exec-8] o.s.data.mongodb.core.MongoTemplate      : find using query: { "emailAddress" : "customer1-mlne829d@odop.demo"} fields: Document{{}} for class: class com.odop.root.models.Customer in collection: customers
DEBUG [UserDetailsService]: Customer found: 532cea8c-a762-43fb-8184-3003c19c0da9
DEBUG [Filter shouldNotFilter]: URI: /odop/order/create, shouldSkip: false
2026-02-15T12:27:45.700+05:30 DEBUG 26728 --- [ODOP] [io-50982-exec-8] o.s.data.mongodb.core.MongoTemplate      : Inserting Document containing fields: [customerId, vendorId, orderItems, totalAmount, discountAmount, deliveryCharges, finalAmount, shippingAddress, shippingDistrict, shippingState, shippingPinCode, shippingContactNumber, orderStatus, paymentStatus, paymentMethod, customerNotes, createdAt, updatedAt, _class] in collection: orders
DEBUG [Filter shouldNotFilter]: URI: /odop/order/create, shouldSkip: false
DEBUG [UserDetailsService]: loadUserByUsername called for: customer1-mlne829d@odop.demo
2026-02-15T12:27:45.788+05:30 DEBUG 26728 --- [ODOP] [io-50982-exec-9] o.s.d.m.r.query.MongoQueryCreator        : Created query Query: { "emailAddress" : "customer1-mlne829d@odop.demo"}, Fields: {}, Sort: {}
2026-02-15T12:27:45.788+05:30 DEBUG 26728 --- [ODOP] [io-50982-exec-9] o.s.data.mongodb.core.MongoTemplate      : find using query: { "emailAddress" : "customer1-mlne829d@odop.demo"} fields: Document{{}} for class: class com.odop.root.models.Admin in collection: admins
2026-02-15T12:27:45.789+05:30 DEBUG 26728 --- [ODOP] [io-50982-exec-9] o.s.d.m.r.query.MongoQueryCreator        : Created query Query: { "emailAddress" : "customer1-mlne829d@odop.demo"}, Fields: {}, Sort: {}
2026-02-15T12:27:45.790+05:30 DEBUG 26728 --- [ODOP] [io-50982-exec-9] o.s.data.mongodb.core.MongoTemplate      : find using query: { "emailAddress" : "customer1-mlne829d@odop.demo"} fields: Document{{}} for class: class com.odop.root.models.Customer in collection: customers
DEBUG [UserDetailsService]: Customer found: 532cea8c-a762-43fb-8184-3003c19c0da9
DEBUG [Filter shouldNotFilter]: URI: /odop/order/create, shouldSkip: false
2026-02-15T12:27:45.793+05:30 DEBUG 26728 --- [ODOP] [io-50982-exec-9] o.s.data.mongodb.core.MongoTemplate      : Inserting Document containing fields: [customerId, vendorId, orderItems, totalAmount, discountAmount, deliveryCharges, finalAmount, shippingAddress, shippingDistrict, shippingState, shippingPinCode, shippingContactNumber, orderStatus, paymentStatus, paymentMethod, customerNotes, createdAt, updatedAt, _class] in collection: orders
DEBUG [Filter shouldNotFilter]: URI: /odop/order/create, shouldSkip: false
DEBUG [UserDetailsService]: loadUserByUsername called for: customer1-mlne829d@odop.demo
2026-02-15T12:27:45.894+05:30 DEBUG 26728 --- [ODOP] [o-50982-exec-10] o.s.d.m.r.query.MongoQueryCreator        : Created query Query: { "emailAddress" : "customer1-mlne829d@odop.demo"}, Fields: {}, Sort: {}
2026-02-15T12:27:45.895+05:30 DEBUG 26728 --- [ODOP] [o-50982-exec-10] o.s.data.mongodb.core.MongoTemplate      : find using query: { "emailAddress" : "customer1-mlne829d@odop.demo"} fields: Document{{}} for class: class com.odop.root.models.Admin in collection: admins
2026-02-15T12:27:45.896+05:30 DEBUG 26728 --- [ODOP] [o-50982-exec-10] o.s.d.m.r.query.MongoQueryCreator        : Created query Query: { "emailAddress" : "customer1-mlne829d@odop.demo"}, Fields: {}, Sort: {}
2026-02-15T12:27:45.896+05:30 DEBUG 26728 --- [ODOP] [o-50982-exec-10] o.s.data.mongodb.core.MongoTemplate      : find using query: { "emailAddress" : "customer1-mlne829d@odop.demo"} fields: Document{{}} for class: class com.odop.root.models.Customer in collection: customers
DEBUG [UserDetailsService]: Customer found: 532cea8c-a762-43fb-8184-3003c19c0da9
DEBUG [Filter shouldNotFilter]: URI: /odop/order/create, shouldSkip: false
2026-02-15T12:27:45.902+05:30 DEBUG 26728 --- [ODOP] [o-50982-exec-10] o.s.data.mongodb.core.MongoTemplate      : Inserting Document containing fields: [customerId, vendorId, orderItems, totalAmount, discountAmount, deliveryCharges, finalAmount, shippingAddress, shippingDistrict, shippingState, shippingPinCode, shippingContactNumber, orderStatus, paymentStatus, paymentMethod, customerNotes, createdAt, updatedAt, _class] in collection: orders
DEBUG [Filter shouldNotFilter]: URI: /odop/contact, shouldSkip: false
DEBUG [UserDetailsService]: loadUserByUsername called for: customer1-mlne829d@odop.demo
2026-02-15T12:27:46.003+05:30 DEBUG 26728 --- [ODOP] [io-50982-exec-1] o.s.d.m.r.query.MongoQueryCreator        : Created query Query: { "emailAddress" : "customer1-mlne829d@odop.demo"}, Fields: {}, Sort: {}
2026-02-15T12:27:46.004+05:30 DEBUG 26728 --- [ODOP] [io-50982-exec-1] o.s.data.mongodb.core.MongoTemplate      : find using query: { "emailAddress" : "customer1-mlne829d@odop.demo"} fields: Document{{}} for class: class com.odop.root.models.Admin in collection: admins
2026-02-15T12:27:46.006+05:30 DEBUG 26728 --- [ODOP] [io-50982-exec-1] o.s.d.m.r.query.MongoQueryCreator        : Created query Query: { "emailAddress" : "customer1-mlne829d@odop.demo"}, Fields: {}, Sort: {}
2026-02-15T12:27:46.006+05:30 DEBUG 26728 --- [ODOP] [io-50982-exec-1] o.s.data.mongodb.core.MongoTemplate      : find using query: { "emailAddress" : "customer1-mlne829d@odop.demo"} fields: Document{{}} for class: class com.odop.root.models.Customer in collection: customers
DEBUG [UserDetailsService]: Customer found: 532cea8c-a762-43fb-8184-3003c19c0da9
DEBUG [Filter shouldNotFilter]: URI: /odop/contact, shouldSkip: false
2026-02-15T12:27:46.018+05:30 DEBUG 26728 --- [ODOP] [io-50982-exec-1] o.s.data.mongodb.core.MongoTemplate      : Inserting Document containing fields: [fullName, emailAddress, subject, message, status, createdAt, _class] in collection: contactus
DEBUG [Filter shouldNotFilter]: URI: /odop/contact, shouldSkip: false
DEBUG [UserDetailsService]: loadUserByUsername called for: customer1-mlne829d@odop.demo
2026-02-15T12:27:46.126+05:30 DEBUG 26728 --- [ODOP] [io-50982-exec-2] o.s.d.m.r.query.MongoQueryCreator        : Created query Query: { "emailAddress" : "customer1-mlne829d@odop.demo"}, Fields: {}, Sort: {}
2026-02-15T12:27:46.126+05:30 DEBUG 26728 --- [ODOP] [io-50982-exec-2] o.s.data.mongodb.core.MongoTemplate      : find using query: { "emailAddress" : "customer1-mlne829d@odop.demo"} fields: Document{{}} for class: class com.odop.root.models.Admin in collection: admins
2026-02-15T12:27:46.128+05:30 DEBUG 26728 --- [ODOP] [io-50982-exec-2] o.s.d.m.r.query.MongoQueryCreator        : Created query Query: { "emailAddress" : "customer1-mlne829d@odop.demo"}, Fields: {}, Sort: {}
2026-02-15T12:27:46.128+05:30 DEBUG 26728 --- [ODOP] [io-50982-exec-2] o.s.data.mongodb.core.MongoTemplate      : find using query: { "emailAddress" : "customer1-mlne829d@odop.demo"} fields: Document{{}} for class: class com.odop.root.models.Customer in collection: customers
DEBUG [UserDetailsService]: Customer found: 532cea8c-a762-43fb-8184-3003c19c0da9
DEBUG [Filter shouldNotFilter]: URI: /odop/contact, shouldSkip: false
2026-02-15T12:27:46.135+05:30 DEBUG 26728 --- [ODOP] [io-50982-exec-2] o.s.data.mongodb.core.MongoTemplate      : Inserting Document containing fields: [fullName, emailAddress, subject, message, status, createdAt, _class] in collection: contactus
DEBUG [Filter shouldNotFilter]: URI: /odop/contact, shouldSkip: false
DEBUG [UserDetailsService]: loadUserByUsername called for: customer1-mlne829d@odop.demo
2026-02-15T12:27:46.235+05:30 DEBUG 26728 --- [ODOP] [io-50982-exec-4] o.s.d.m.r.query.MongoQueryCreator        : Created query Query: { "emailAddress" : "customer1-mlne829d@odop.demo"}, Fields: {}, Sort: {}
2026-02-15T12:27:46.235+05:30 DEBUG 26728 --- [ODOP] [io-50982-exec-4] o.s.data.mongodb.core.MongoTemplate      : find using query: { "emailAddress" : "customer1-mlne829d@odop.demo"} fields: Document{{}} for class: class com.odop.root.models.Admin in collection: admins
2026-02-15T12:27:46.237+05:30 DEBUG 26728 --- [ODOP] [io-50982-exec-4] o.s.d.m.r.query.MongoQueryCreator        : Created query Query: { "emailAddress" : "customer1-mlne829d@odop.demo"}, Fields: {}, Sort: {}
2026-02-15T12:27:46.238+05:30 DEBUG 26728 --- [ODOP] [io-50982-exec-4] o.s.data.mongodb.core.MongoTemplate      : find using query: { "emailAddress" : "customer1-mlne829d@odop.demo"} fields: Document{{}} for class: class com.odop.root.models.Customer in collection: customers
DEBUG [UserDetailsService]: Customer found: 532cea8c-a762-43fb-8184-3003c19c0da9
DEBUG [Filter shouldNotFilter]: URI: /odop/contact, shouldSkip: false
2026-02-15T12:27:46.246+05:30 DEBUG 26728 --- [ODOP] [io-50982-exec-4] o.s.data.mongodb.core.MongoTemplate      : Inserting Document containing fields: [fullName, emailAddress, subject, message, status, createdAt, _class] in collection: contactus
DEBUG [Filter shouldNotFilter]: URI: /odop/contact, shouldSkip: false
DEBUG [UserDetailsService]: loadUserByUsername called for: customer1-mlne829d@odop.demo
2026-02-15T12:27:46.344+05:30 DEBUG 26728 --- [ODOP] [io-50982-exec-3] o.s.d.m.r.query.MongoQueryCreator        : Created query Query: { "emailAddress" : "customer1-mlne829d@odop.demo"}, Fields: {}, Sort: {}
2026-02-15T12:27:46.344+05:30 DEBUG 26728 --- [ODOP] [io-50982-exec-3] o.s.data.mongodb.core.MongoTemplate      : find using query: { "emailAddress" : "customer1-mlne829d@odop.demo"} fields: Document{{}} for class: class com.odop.root.models.Admin in collection: admins
2026-02-15T12:27:46.345+05:30 DEBUG 26728 --- [ODOP] [io-50982-exec-3] o.s.d.m.r.query.MongoQueryCreator        : Created query Query: { "emailAddress" : "customer1-mlne829d@odop.demo"}, Fields: {}, Sort: {}
2026-02-15T12:27:46.346+05:30 DEBUG 26728 --- [ODOP] [io-50982-exec-3] o.s.data.mongodb.core.MongoTemplate      : find using query: { "emailAddress" : "customer1-mlne829d@odop.demo"} fields: Document{{}} for class: class com.odop.root.models.Customer in collection: customers
DEBUG [UserDetailsService]: Customer found: 532cea8c-a762-43fb-8184-3003c19c0da9
DEBUG [Filter shouldNotFilter]: URI: /odop/contact, shouldSkip: false
2026-02-15T12:27:46.351+05:30 DEBUG 26728 --- [ODOP] [io-50982-exec-3] o.s.data.mongodb.core.MongoTemplate      : Inserting Document containing fields: [fullName, emailAddress, subject, message, status, createdAt, _class] in collection: contactus
DEBUG [Filter shouldNotFilter]: URI: /odop/contact, shouldSkip: false
DEBUG [UserDetailsService]: loadUserByUsername called for: customer1-mlne829d@odop.demo
2026-02-15T12:27:46.437+05:30 DEBUG 26728 --- [ODOP] [io-50982-exec-5] o.s.d.m.r.query.MongoQueryCreator        : Created query Query: { "emailAddress" : "customer1-mlne829d@odop.demo"}, Fields: {}, Sort: {}
2026-02-15T12:27:46.437+05:30 DEBUG 26728 --- [ODOP] [io-50982-exec-5] o.s.data.mongodb.core.MongoTemplate      : find using query: { "emailAddress" : "customer1-mlne829d@odop.demo"} fields: Document{{}} for class: class com.odop.root.models.Admin in collection: admins
2026-02-15T12:27:46.438+05:30 DEBUG 26728 --- [ODOP] [io-50982-exec-5] o.s.d.m.r.query.MongoQueryCreator        : Created query Query: { "emailAddress" : "customer1-mlne829d@odop.demo"}, Fields: {}, Sort: {}
2026-02-15T12:27:46.438+05:30 DEBUG 26728 --- [ODOP] [io-50982-exec-5] o.s.data.mongodb.core.MongoTemplate      : find using query: { "emailAddress" : "customer1-mlne829d@odop.demo"} fields: Document{{}} for class: class com.odop.root.models.Customer in collection: customers
DEBUG [UserDetailsService]: Customer found: 532cea8c-a762-43fb-8184-3003c19c0da9
DEBUG [Filter shouldNotFilter]: URI: /odop/contact, shouldSkip: false
2026-02-15T12:27:46.444+05:30 DEBUG 26728 --- [ODOP] [io-50982-exec-5] o.s.data.mongodb.core.MongoTemplate      : Inserting Document containing fields: [fullName, emailAddress, subject, message, status, createdAt, _class] in collection: contactus
DEBUG [Filter shouldNotFilter]: URI: /odop/contact, shouldSkip: false
DEBUG [UserDetailsService]: loadUserByUsername called for: customer1-mlne829d@odop.demo
2026-02-15T12:27:46.529+05:30 DEBUG 26728 --- [ODOP] [io-50982-exec-6] o.s.d.m.r.query.MongoQueryCreator        : Created query Query: { "emailAddress" : "customer1-mlne829d@odop.demo"}, Fields: {}, Sort: {}
2026-02-15T12:27:46.529+05:30 DEBUG 26728 --- [ODOP] [io-50982-exec-6] o.s.data.mongodb.core.MongoTemplate      : find using query: { "emailAddress" : "customer1-mlne829d@odop.demo"} fields: Document{{}} for class: class com.odop.root.models.Admin in collection: admins
2026-02-15T12:27:46.531+05:30 DEBUG 26728 --- [ODOP] [io-50982-exec-6] o.s.d.m.r.query.MongoQueryCreator        : Created query Query: { "emailAddress" : "customer1-mlne829d@odop.demo"}, Fields: {}, Sort: {}
2026-02-15T12:27:46.532+05:30 DEBUG 26728 --- [ODOP] [io-50982-exec-6] o.s.data.mongodb.core.MongoTemplate      : find using query: { "emailAddress" : "customer1-mlne829d@odop.demo"} fields: Document{{}} for class: class com.odop.root.models.Customer in collection: customers
DEBUG [UserDetailsService]: Customer found: 532cea8c-a762-43fb-8184-3003c19c0da9
DEBUG [Filter shouldNotFilter]: URI: /odop/contact, shouldSkip: false
2026-02-15T12:27:46.536+05:30 DEBUG 26728 --- [ODOP] [io-50982-exec-6] o.s.data.mongodb.core.MongoTemplate      : Inserting Document containing fields: [fullName, emailAddress, subject, message, status, createdAt, _class] in collection: contactus
DEBUG [Filter shouldNotFilter]: URI: /odop/contact, shouldSkip: false
DEBUG [UserDetailsService]: loadUserByUsername called for: customer1-mlne829d@odop.demo
2026-02-15T12:27:46.637+05:30 DEBUG 26728 --- [ODOP] [io-50982-exec-7] o.s.d.m.r.query.MongoQueryCreator        : Created query Query: { "emailAddress" : "customer1-mlne829d@odop.demo"}, Fields: {}, Sort: {}
2026-02-15T12:27:46.637+05:30 DEBUG 26728 --- [ODOP] [io-50982-exec-7] o.s.data.mongodb.core.MongoTemplate      : find using query: { "emailAddress" : "customer1-mlne829d@odop.demo"} fields: Document{{}} for class: class com.odop.root.models.Admin in collection: admins
2026-02-15T12:27:46.639+05:30 DEBUG 26728 --- [ODOP] [io-50982-exec-7] o.s.d.m.r.query.MongoQueryCreator        : Created query Query: { "emailAddress" : "customer1-mlne829d@odop.demo"}, Fields: {}, Sort: {}
2026-02-15T12:27:46.639+05:30 DEBUG 26728 --- [ODOP] [io-50982-exec-7] o.s.data.mongodb.core.MongoTemplate      : find using query: { "emailAddress" : "customer1-mlne829d@odop.demo"} fields: Document{{}} for class: class com.odop.root.models.Customer in collection: customers
DEBUG [UserDetailsService]: Customer found: 532cea8c-a762-43fb-8184-3003c19c0da9
DEBUG [Filter shouldNotFilter]: URI: /odop/contact, shouldSkip: false
2026-02-15T12:27:46.643+05:30 DEBUG 26728 --- [ODOP] [io-50982-exec-7] o.s.data.mongodb.core.MongoTemplate      : Inserting Document containing fields: [fullName, emailAddress, subject, message, status, createdAt, _class] in collection: contactus
DEBUG [Filter shouldNotFilter]: URI: /odop/contact, shouldSkip: false
DEBUG [UserDetailsService]: loadUserByUsername called for: customer1-mlne829d@odop.demo
2026-02-15T12:27:46.733+05:30 DEBUG 26728 --- [ODOP] [io-50982-exec-8] o.s.d.m.r.query.MongoQueryCreator        : Created query Query: { "emailAddress" : "customer1-mlne829d@odop.demo"}, Fields: {}, Sort: {}
2026-02-15T12:27:46.733+05:30 DEBUG 26728 --- [ODOP] [io-50982-exec-8] o.s.data.mongodb.core.MongoTemplate      : find using query: { "emailAddress" : "customer1-mlne829d@odop.demo"} fields: Document{{}} for class: class com.odop.root.models.Admin in collection: admins
2026-02-15T12:27:46.734+05:30 DEBUG 26728 --- [ODOP] [io-50982-exec-8] o.s.d.m.r.query.MongoQueryCreator        : Created query Query: { "emailAddress" : "customer1-mlne829d@odop.demo"}, Fields: {}, Sort: {}
2026-02-15T12:27:46.734+05:30 DEBUG 26728 --- [ODOP] [io-50982-exec-8] o.s.data.mongodb.core.MongoTemplate      : find using query: { "emailAddress" : "customer1-mlne829d@odop.demo"} fields: Document{{}} for class: class com.odop.root.models.Customer in collection: customers
DEBUG [UserDetailsService]: Customer found: 532cea8c-a762-43fb-8184-3003c19c0da9
DEBUG [Filter shouldNotFilter]: URI: /odop/contact, shouldSkip: false
2026-02-15T12:27:46.738+05:30 DEBUG 26728 --- [ODOP] [io-50982-exec-8] o.s.data.mongodb.core.MongoTemplate      : Inserting Document containing fields: [fullName, emailAddress, subject, message, status, createdAt, _class] in collection: contactus
DEBUG [Filter shouldNotFilter]: URI: /odop/contact, shouldSkip: false
DEBUG [UserDetailsService]: loadUserByUsername called for: customer1-mlne829d@odop.demo
2026-02-15T12:27:46.827+05:30 DEBUG 26728 --- [ODOP] [io-50982-exec-9] o.s.d.m.r.query.MongoQueryCreator        : Created query Query: { "emailAddress" : "customer1-mlne829d@odop.demo"}, Fields: {}, Sort: {}
2026-02-15T12:27:46.827+05:30 DEBUG 26728 --- [ODOP] [io-50982-exec-9] o.s.data.mongodb.core.MongoTemplate      : find using query: { "emailAddress" : "customer1-mlne829d@odop.demo"} fields: Document{{}} for class: class com.odop.root.models.Admin in collection: admins
2026-02-15T12:27:46.827+05:30 DEBUG 26728 --- [ODOP] [io-50982-exec-9] o.s.d.m.r.query.MongoQueryCreator        : Created query Query: { "emailAddress" : "customer1-mlne829d@odop.demo"}, Fields: {}, Sort: {}
2026-02-15T12:27:46.829+05:30 DEBUG 26728 --- [ODOP] [io-50982-exec-9] o.s.data.mongodb.core.MongoTemplate      : find using query: { "emailAddress" : "customer1-mlne829d@odop.demo"} fields: Document{{}} for class: class com.odop.root.models.Customer in collection: customers
DEBUG [UserDetailsService]: Customer found: 532cea8c-a762-43fb-8184-3003c19c0da9
DEBUG [Filter shouldNotFilter]: URI: /odop/contact, shouldSkip: false
2026-02-15T12:27:46.834+05:30 DEBUG 26728 --- [ODOP] [io-50982-exec-9] o.s.data.mongodb.core.MongoTemplate      : Inserting Document containing fields: [fullName, emailAddress, subject, message, status, createdAt, _class] in collection: contactus
DEBUG [Filter shouldNotFilter]: URI: /odop/contact, shouldSkip: false
DEBUG [UserDetailsService]: loadUserByUsername called for: customer1-mlne829d@odop.demo
2026-02-15T12:27:46.922+05:30 DEBUG 26728 --- [ODOP] [o-50982-exec-10] o.s.d.m.r.query.MongoQueryCreator        : Created query Query: { "emailAddress" : "customer1-mlne829d@odop.demo"}, Fields: {}, Sort: {}
2026-02-15T12:27:46.922+05:30 DEBUG 26728 --- [ODOP] [o-50982-exec-10] o.s.data.mongodb.core.MongoTemplate      : find using query: { "emailAddress" : "customer1-mlne829d@odop.demo"} fields: Document{{}} for class: class com.odop.root.models.Admin in collection: admins
2026-02-15T12:27:46.925+05:30 DEBUG 26728 --- [ODOP] [o-50982-exec-10] o.s.d.m.r.query.MongoQueryCreator        : Created query Query: { "emailAddress" : "customer1-mlne829d@odop.demo"}, Fields: {}, Sort: {}
2026-02-15T12:27:46.925+05:30 DEBUG 26728 --- [ODOP] [o-50982-exec-10] o.s.data.mongodb.core.MongoTemplate      : find using query: { "emailAddress" : "customer1-mlne829d@odop.demo"} fields: Document{{}} for class: class com.odop.root.models.Customer in collection: customers
DEBUG [UserDetailsService]: Customer found: 532cea8c-a762-43fb-8184-3003c19c0da9
DEBUG [Filter shouldNotFilter]: URI: /odop/contact, shouldSkip: false
2026-02-15T12:27:46.930+05:30 DEBUG 26728 --- [ODOP] [o-50982-exec-10] o.s.data.mongodb.core.MongoTemplate      : Inserting Document containing fields: [fullName, emailAddress, subject, message, status, createdAt, _class] in collection: contactus
DEBUG [Filter shouldNotFilter]: URI: /odop/wishlist/health, shouldSkip: false
DEBUG [Filter shouldNotFilter]: URI: /odop/wishlist/health, shouldSkip: false
DEBUG [Filter shouldNotFilter]: URI: /odop/product/featured, shouldSkip: false
DEBUG [Filter shouldNotFilter]: URI: /odop/vendor/get_all_vendors, shouldSkip: false
DEBUG [Filter shouldNotFilter]: URI: /odop/vendor/get_all_vendors, shouldSkip: false
DEBUG [Filter shouldNotFilter]: URI: /odop/product/featured, shouldSkip: false
2026-02-15T12:37:55.376+05:30 DEBUG 26728 --- [ODOP] [io-50982-exec-1] o.s.data.mongodb.core.MongoTemplate      : find using query: {} fields: Document{{}} for class: class com.odop.root.models.Vendor in collection: vendors
2026-02-15T12:37:55.377+05:30 DEBUG 26728 --- [ODOP] [io-50982-exec-2] o.s.data.mongodb.core.MongoTemplate      : find using query: {} fields: Document{{}} for class: class com.odop.root.models.Products in collection: products
DEBUG [Filter shouldNotFilter]: URI: /odop/vendor/get_all_vendors, shouldSkip: false
DEBUG [Filter shouldNotFilter]: URI: /odop/vendor/get_all_vendors, shouldSkip: false
2026-02-15T12:37:55.397+05:30 DEBUG 26728 --- [ODOP] [io-50982-exec-4] o.s.data.mongodb.core.MongoTemplate      : find using query: {} fields: Document{{}} for class: class com.odop.root.models.Vendor in collection: vendors
DEBUG [Filter shouldNotFilter]: URI: /odop/wishlist, shouldSkip: false
DEBUG [Filter shouldNotFilter]: URI: /odop/order/customer/b34df9eb-6429-41bd-95df-90d2b286cea3, shouldSkip: false
2026-02-15T12:38:01.302+05:30  WARN 26728 --- [ODOP] [io-50982-exec-6] com.odop.root.filter.JwtRequestFilter    : Expired JWT received for URI /odop/wishlist: JWT expired at 2026-02-15T01:54:40Z. Current time: 2026-02-15T07:08:01Z, a difference of 18801300 milliseconds.  Allowed clock skew: 0 milliseconds.
2026-02-15T12:38:01.306+05:30  WARN 26728 --- [ODOP] [io-50982-exec-7] com.odop.root.filter.JwtRequestFilter    : Expired JWT received for URI /odop/order/customer/b34df9eb-6429-41bd-95df-90d2b286cea3: JWT expired at 2026-02-15T01:54:40Z. Current time: 2026-02-15T07:08:01Z, a difference of 18801306 milliseconds.  Allowed clock skew: 0 milliseconds.
DEBUG [Filter shouldNotFilter]: URI: /odop/vendor/get_all_vendors, shouldSkip: false
DEBUG [Filter shouldNotFilter]: URI: /odop/product/featured, shouldSkip: false
DEBUG [Filter shouldNotFilter]: URI: /odop/product/featured, shouldSkip: false
DEBUG [Filter shouldNotFilter]: URI: /odop/vendor/get_all_vendors, shouldSkip: false
2026-02-15T12:38:05.111+05:30 DEBUG 26728 --- [ODOP] [io-50982-exec-8] o.s.data.mongodb.core.MongoTemplate      : find using query: {} fields: Document{{}} for class: class com.odop.root.models.Products in collection: products
2026-02-15T12:38:05.111+05:30 DEBUG 26728 --- [ODOP] [o-50982-exec-10] o.s.data.mongodb.core.MongoTemplate      : find using query: {} fields: Document{{}} for class: class com.odop.root.models.Vendor in collection: vendors
DEBUG [Filter shouldNotFilter]: URI: /odop/vendor/get_all_vendors, shouldSkip: false
DEBUG [Filter shouldNotFilter]: URI: /odop/vendor/get_all_vendors, shouldSkip: false
2026-02-15T12:38:05.124+05:30 DEBUG 26728 --- [ODOP] [io-50982-exec-9] o.s.data.mongodb.core.MongoTemplate      : find using query: {} fields: Document{{}} for class: class com.odop.root.models.Vendor in collection: vendors
DEBUG [Filter shouldNotFilter]: URI: /odop/product/get_all_products, shouldSkip: false
DEBUG [Filter shouldNotFilter]: URI: /odop/product/get_all_products, shouldSkip: false
2026-02-15T12:38:07.106+05:30 DEBUG 26728 --- [ODOP] [io-50982-exec-1] o.s.data.mongodb.core.MongoTemplate      : find using query: {} fields: Document{{}} for class: class com.odop.root.models.Products in collection: products
DEBUG [Filter shouldNotFilter]: URI: /odop/category/get_all_categories, shouldSkip: false
DEBUG [Filter shouldNotFilter]: URI: /odop/category/get_all_categories, shouldSkip: false
2026-02-15T12:38:07.110+05:30 DEBUG 26728 --- [ODOP] [io-50982-exec-2] o.s.data.mongodb.core.MongoTemplate      : find using query: {} fields: Document{{}} for class: class com.odop.root.models.ProductCategory in collection: categories
DEBUG [Filter shouldNotFilter]: URI: /odop/wishlist, shouldSkip: false
2026-02-15T12:38:07.114+05:30  WARN 26728 --- [ODOP] [io-50982-exec-5] com.odop.root.filter.JwtRequestFilter    : Expired JWT received for URI /odop/wishlist: JWT expired at 2026-02-15T01:54:40Z. Current time: 2026-02-15T07:08:07Z, a difference of 18807114 milliseconds.  Allowed clock skew: 0 milliseconds.
DEBUG [Filter shouldNotFilter]: URI: /odop/wishlist, shouldSkip: false
2026-02-15T12:38:07.127+05:30  WARN 26728 --- [ODOP] [io-50982-exec-6] com.odop.root.filter.JwtRequestFilter    : Expired JWT received for URI /odop/wishlist: JWT expired at 2026-02-15T01:54:40Z. Current time: 2026-02-15T07:08:07Z, a difference of 18807127 milliseconds.  Allowed clock skew: 0 milliseconds.
DEBUG [Filter shouldNotFilter]: URI: /odop/cart/get_cart_customer_id/b34df9eb-6429-41bd-95df-90d2b286cea3, shouldSkip: false
2026-02-15T12:38:07.130+05:30  WARN 26728 --- [ODOP] [io-50982-exec-7] com.odop.root.filter.JwtRequestFilter    : Expired JWT received for URI /odop/cart/get_cart_customer_id/b34df9eb-6429-41bd-95df-90d2b286cea3: JWT expired at 2026-02-15T01:54:40Z. Current time: 2026-02-15T07:08:07Z, a difference of 18807130 milliseconds.  Allowed clock skew: 0 milliseconds.
DEBUG [Filter shouldNotFilter]: URI: /odop/cart/get_cart_customer_id/b34df9eb-6429-41bd-95df-90d2b286cea3, shouldSkip: false
2026-02-15T12:38:07.194+05:30  WARN 26728 --- [ODOP] [io-50982-exec-8] com.odop.root.filter.JwtRequestFilter    : Expired JWT received for URI /odop/cart/get_cart_customer_id/b34df9eb-6429-41bd-95df-90d2b286cea3: JWT expired at 2026-02-15T01:54:40Z. Current time: 2026-02-15T07:08:07Z, a difference of 18807193 milliseconds.  Allowed clock skew: 0 milliseconds.
DEBUG [Filter shouldNotFilter]: URI: /odop/product/get_product_id/69916e67a7b87168f66e468f, shouldSkip: false
DEBUG [Filter shouldNotFilter]: URI: /odop/product/get_product_id/69916e67a7b87168f66e468f, shouldSkip: false
2026-02-15T12:38:23.644+05:30 DEBUG 26728 --- [ODOP] [o-50982-exec-10] o.s.d.m.r.query.MongoQueryCreator        : Created query Query: { "productId" : "69916e67a7b87168f66e468f"}, Fields: {}, Sort: {}
2026-02-15T12:38:23.645+05:30 DEBUG 26728 --- [ODOP] [o-50982-exec-10] o.s.data.mongodb.core.MongoTemplate      : find using query: { "_id" : { "$oid" : "69916e67a7b87168f66e468f"}} fields: Document{{}} for class: class com.odop.root.models.Products in collection: products
DEBUG [Filter shouldNotFilter]: URI: /odop/review/product/69916e67a7b87168f66e468f, shouldSkip: false
DEBUG [Filter shouldNotFilter]: URI: /odop/wishlist/check/69916e67a7b87168f66e468f, shouldSkip: false
DEBUG [Filter shouldNotFilter]: URI: /odop/review/product/69916e67a7b87168f66e468f/rating, shouldSkip: false
2026-02-15T12:38:23.664+05:30  WARN 26728 --- [ODOP] [io-50982-exec-4] com.odop.root.filter.JwtRequestFilter    : Expired JWT received for URI /odop/review/product/69916e67a7b87168f66e468f: JWT expired at 2026-02-15T01:54:40Z. Current time: 2026-02-15T07:08:23Z, a difference of 18823664 milliseconds.  Allowed clock skew: 0 milliseconds.
2026-02-15T12:38:23.664+05:30  WARN 26728 --- [ODOP] [io-50982-exec-5] com.odop.root.filter.JwtRequestFilter    : Expired JWT received for URI /odop/wishlist/check/69916e67a7b87168f66e468f: JWT expired at 2026-02-15T01:54:40Z. Current time: 2026-02-15T07:08:23Z, a difference of 18823664 milliseconds.  Allowed clock skew: 0 milliseconds.
2026-02-15T12:38:23.664+05:30  WARN 26728 --- [ODOP] [io-50982-exec-3] com.odop.root.filter.JwtRequestFilter    : Expired JWT received for URI /odop/review/product/69916e67a7b87168f66e468f/rating: JWT expired at 2026-02-15T01:54:40Z. Current time: 2026-02-15T07:08:23Z, a difference of 18823664 milliseconds.  Allowed clock skew: 0 milliseconds.
DEBUG [Filter shouldNotFilter]: URI: /odop/review/product/69916e67a7b87168f66e468f, shouldSkip: false
2026-02-15T12:38:23.702+05:30 DEBUG 26728 --- [ODOP] [io-50982-exec-4] o.s.d.m.r.query.MongoQueryCreator        : Created query Query: { "productId" : "69916e67a7b87168f66e468f", "status" : "APPROVED"}, Fields: {}, Sort: {}
DEBUG [Filter shouldNotFilter]: URI: /odop/review/product/69916e67a7b87168f66e468f/rating, shouldSkip: false
2026-02-15T12:38:23.703+05:30 DEBUG 26728 --- [ODOP] [io-50982-exec-3] o.s.d.m.r.query.MongoQueryCreator        : Created query Query: { "productId" : "69916e67a7b87168f66e468f", "status" : "APPROVED"}, Fields: {}, Sort: {}
2026-02-15T12:38:23.703+05:30 DEBUG 26728 --- [ODOP] [io-50982-exec-3] o.s.data.mongodb.core.MongoTemplate      : find using query: { "productId" : "69916e67a7b87168f66e468f", "status" : "APPROVED"} fields: Document{{}} for class: class com.odop.root.models.Review in collection: reviews
2026-02-15T12:38:23.703+05:30 DEBUG 26728 --- [ODOP] [io-50982-exec-4] o.s.data.mongodb.core.MongoTemplate      : find using query: { "productId" : "69916e67a7b87168f66e468f", "status" : "APPROVED"} fields: Document{{}} for class: class com.odop.root.models.Review in collection: reviews
2026-02-15T12:38:23.706+05:30 DEBUG 26728 --- [ODOP] [io-50982-exec-3] o.s.d.m.r.query.MongoQueryCreator        : Created query Query: { "productId" : "69916e67a7b87168f66e468f"}, Fields: {}, Sort: {}
2026-02-15T12:38:23.707+05:30 DEBUG 26728 --- [ODOP] [io-50982-exec-3] o.s.data.mongodb.core.MongoTemplate      : Executing count: { "productId" : "69916e67a7b87168f66e468f"} in collection: reviews
DEBUG [Filter shouldNotFilter]: URI: /odop/product/get_all_products, shouldSkip: false
DEBUG [Filter shouldNotFilter]: URI: /odop/category/get_all_categories, shouldSkip: false
DEBUG [Filter shouldNotFilter]: URI: /odop/wishlist, shouldSkip: false
DEBUG [Filter shouldNotFilter]: URI: /odop/cart/get_cart_customer_id/b34df9eb-6429-41bd-95df-90d2b286cea3, shouldSkip: false
DEBUG [Filter shouldNotFilter]: URI: /odop/product/get_all_products, shouldSkip: false
2026-02-15T12:38:36.277+05:30  WARN 26728 --- [ODOP] [o-50982-exec-10] com.odop.root.filter.JwtRequestFilter    : Expired JWT received for URI /odop/wishlist: JWT expired at 2026-02-15T01:54:40Z. Current time: 2026-02-15T07:08:36Z, a difference of 18836276 milliseconds.  Allowed clock skew: 0 milliseconds.
2026-02-15T12:38:36.277+05:30 DEBUG 26728 --- [ODOP] [io-50982-exec-6] o.s.data.mongodb.core.MongoTemplate      : find using query: {} fields: Document{{}} for class: class com.odop.root.models.Products in collection: products
DEBUG [Filter shouldNotFilter]: URI: /odop/category/get_all_categories, shouldSkip: false
2026-02-15T12:38:36.278+05:30 DEBUG 26728 --- [ODOP] [io-50982-exec-7] o.s.data.mongodb.core.MongoTemplate      : find using query: {} fields: Document{{}} for class: class com.odop.root.models.ProductCategory in collection: categories
2026-02-15T12:38:36.278+05:30  WARN 26728 --- [ODOP] [io-50982-exec-8] com.odop.root.filter.JwtRequestFilter    : Expired JWT received for URI /odop/cart/get_cart_customer_id/b34df9eb-6429-41bd-95df-90d2b286cea3: JWT expired at 2026-02-15T01:54:40Z. Current time: 2026-02-15T07:08:36Z, a difference of 18836278 milliseconds.  Allowed clock skew: 0 milliseconds.
DEBUG [Filter shouldNotFilter]: URI: /odop/wishlist, shouldSkip: false
2026-02-15T12:38:36.286+05:30  WARN 26728 --- [ODOP] [io-50982-exec-9] com.odop.root.filter.JwtRequestFilter    : Expired JWT received for URI /odop/wishlist: JWT expired at 2026-02-15T01:54:40Z. Current time: 2026-02-15T07:08:36Z, a difference of 18836286 milliseconds.  Allowed clock skew: 0 milliseconds.
DEBUG [Filter shouldNotFilter]: URI: /odop/cart/get_cart_customer_id/b34df9eb-6429-41bd-95df-90d2b286cea3, shouldSkip: false
2026-02-15T12:38:36.327+05:30  WARN 26728 --- [ODOP] [io-50982-exec-1] com.odop.root.filter.JwtRequestFilter    : Expired JWT received for URI /odop/cart/get_cart_customer_id/b34df9eb-6429-41bd-95df-90d2b286cea3: JWT expired at 2026-02-15T01:54:40Z. Current time: 2026-02-15T07:08:36Z, a difference of 18836326 milliseconds.  Allowed clock skew: 0 milliseconds.
DEBUG [Filter shouldNotFilter]: URI: /odop/product/get_product_id/699097e7cf94e572b476d8fc, shouldSkip: false
DEBUG [Filter shouldNotFilter]: URI: /odop/product/get_product_id/699097e7cf94e572b476d8fc, shouldSkip: false
2026-02-15T12:38:40.089+05:30 DEBUG 26728 --- [ODOP] [io-50982-exec-2] o.s.d.m.r.query.MongoQueryCreator        : Created query Query: { "productId" : "699097e7cf94e572b476d8fc"}, Fields: {}, Sort: {}
2026-02-15T12:38:40.090+05:30 DEBUG 26728 --- [ODOP] [io-50982-exec-2] o.s.data.mongodb.core.MongoTemplate      : find using query: { "_id" : { "$oid" : "699097e7cf94e572b476d8fc"}} fields: Document{{}} for class: class com.odop.root.models.Products in collection: products
DEBUG [Filter shouldNotFilter]: URI: /odop/review/product/699097e7cf94e572b476d8fc/rating, shouldSkip: false
2026-02-15T12:38:40.112+05:30  WARN 26728 --- [ODOP] [io-50982-exec-6] com.odop.root.filter.JwtRequestFilter    : Expired JWT received for URI /odop/review/product/699097e7cf94e572b476d8fc/rating: JWT expired at 2026-02-15T01:54:40Z. Current time: 2026-02-15T07:08:40Z, a difference of 18840112 milliseconds.  Allowed clock skew: 0 milliseconds.
DEBUG [Filter shouldNotFilter]: URI: /odop/review/product/699097e7cf94e572b476d8fc, shouldSkip: false
DEBUG [Filter shouldNotFilter]: URI: /odop/product/get_product_by_category_id/699097e7cf94e572b476d8ec, shouldSkip: false
DEBUG [Filter shouldNotFilter]: URI: /odop/wishlist/check/699097e7cf94e572b476d8fc, shouldSkip: false
2026-02-15T12:38:40.116+05:30  WARN 26728 --- [ODOP] [o-50982-exec-10] com.odop.root.filter.JwtRequestFilter    : Expired JWT received for URI /odop/review/product/699097e7cf94e572b476d8fc: JWT expired at 2026-02-15T01:54:40Z. Current time: 2026-02-15T07:08:40Z, a difference of 18840116 milliseconds.  Allowed clock skew: 0 milliseconds.
2026-02-15T12:38:40.116+05:30  WARN 26728 --- [ODOP] [io-50982-exec-9] com.odop.root.filter.JwtRequestFilter    : Expired JWT received for URI /odop/wishlist/check/699097e7cf94e572b476d8fc: JWT expired at 2026-02-15T01:54:40Z. Current time: 2026-02-15T07:08:40Z, a difference of 18840116 milliseconds.  Allowed clock skew: 0 milliseconds.
2026-02-15T12:38:40.116+05:30  WARN 26728 --- [ODOP] [io-50982-exec-8] com.odop.root.filter.JwtRequestFilter    : Expired JWT received for URI /odop/product/get_product_by_category_id/699097e7cf94e572b476d8ec: JWT expired at 2026-02-15T01:54:40Z. Current time: 2026-02-15T07:08:40Z, a difference of 18840116 milliseconds.  Allowed clock skew: 0 milliseconds.
DEBUG [Filter shouldNotFilter]: URI: /odop/product/get_product_by_category_id/699097e7cf94e572b476d8ec, shouldSkip: false
2026-02-15T12:38:40.150+05:30 DEBUG 26728 --- [ODOP] [io-50982-exec-8] o.s.d.m.r.query.MongoQueryCreator        : Created query Query: { "categoryId" : "699097e7cf94e572b476d8ec"}, Fields: {}, Sort: {}
2026-02-15T12:38:40.151+05:30 DEBUG 26728 --- [ODOP] [io-50982-exec-8] o.s.data.mongodb.core.MongoTemplate      : find using query: { "categoryId" : "699097e7cf94e572b476d8ec"} fields: Document{{}} for class: class com.odop.root.models.Products in collection: products
DEBUG [Filter shouldNotFilter]: URI: /odop/review/product/699097e7cf94e572b476d8fc/rating, shouldSkip: false
2026-02-15T12:38:40.155+05:30 DEBUG 26728 --- [ODOP] [io-50982-exec-6] o.s.d.m.r.query.MongoQueryCreator        : Created query Query: { "productId" : "699097e7cf94e572b476d8fc", "status" : "APPROVED"}, Fields: {}, Sort: {}
2026-02-15T12:38:40.155+05:30 DEBUG 26728 --- [ODOP] [io-50982-exec-6] o.s.data.mongodb.core.MongoTemplate      : find using query: { "productId" : "699097e7cf94e572b476d8fc", "status" : "APPROVED"} fields: Document{{}} for class: class com.odop.root.models.Review in collection: reviews
DEBUG [Filter shouldNotFilter]: URI: /odop/review/product/699097e7cf94e572b476d8fc, shouldSkip: false
2026-02-15T12:38:40.156+05:30 DEBUG 26728 --- [ODOP] [o-50982-exec-10] o.s.d.m.r.query.MongoQueryCreator        : Created query Query: { "productId" : "699097e7cf94e572b476d8fc", "status" : "APPROVED"}, Fields: {}, Sort: {}
2026-02-15T12:38:40.156+05:30 DEBUG 26728 --- [ODOP] [o-50982-exec-10] o.s.data.mongodb.core.MongoTemplate      : find using query: { "productId" : "699097e7cf94e572b476d8fc", "status" : "APPROVED"} fields: Document{{}} for class: class com.odop.root.models.Review in collection: reviews
2026-02-15T12:38:40.156+05:30 DEBUG 26728 --- [ODOP] [io-50982-exec-6] o.s.d.m.r.query.MongoQueryCreator        : Created query Query: { "productId" : "699097e7cf94e572b476d8fc"}, Fields: {}, Sort: {}
2026-02-15T12:38:40.156+05:30 DEBUG 26728 --- [ODOP] [io-50982-exec-6] o.s.data.mongodb.core.MongoTemplate      : Executing count: { "productId" : "699097e7cf94e572b476d8fc"} in collection: reviews
DEBUG [Filter shouldNotFilter]: URI: /odop/product/get_all_products, shouldSkip: false
DEBUG [Filter shouldNotFilter]: URI: /odop/category/get_all_categories, shouldSkip: false
DEBUG [Filter shouldNotFilter]: URI: /odop/cart/get_cart_customer_id/b34df9eb-6429-41bd-95df-90d2b286cea3, shouldSkip: false
DEBUG [Filter shouldNotFilter]: URI: /odop/wishlist, shouldSkip: false
DEBUG [Filter shouldNotFilter]: URI: /odop/category/get_all_categories, shouldSkip: false
DEBUG [Filter shouldNotFilter]: URI: /odop/product/get_all_products, shouldSkip: false
2026-02-15T12:38:41.715+05:30 DEBUG 26728 --- [ODOP] [io-50982-exec-2] o.s.data.mongodb.core.MongoTemplate      : find using query: {} fields: Document{{}} for class: class com.odop.root.models.ProductCategory in collection: categories
2026-02-15T12:38:41.715+05:30 DEBUG 26728 --- [ODOP] [io-50982-exec-1] o.s.data.mongodb.core.MongoTemplate      : find using query: {} fields: Document{{}} for class: class com.odop.root.models.Products in collection: products
2026-02-15T12:38:41.716+05:30  WARN 26728 --- [ODOP] [io-50982-exec-4] com.odop.root.filter.JwtRequestFilter    : Expired JWT received for URI /odop/cart/get_cart_customer_id/b34df9eb-6429-41bd-95df-90d2b286cea3: JWT expired at 2026-02-15T01:54:40Z. Current time: 2026-02-15T07:08:41Z, a difference of 18841716 milliseconds.  Allowed clock skew: 0 milliseconds.
2026-02-15T12:38:41.717+05:30  WARN 26728 --- [ODOP] [io-50982-exec-5] com.odop.root.filter.JwtRequestFilter    : Expired JWT received for URI /odop/wishlist: JWT expired at 2026-02-15T01:54:40Z. Current time: 2026-02-15T07:08:41Z, a difference of 18841717 milliseconds.  Allowed clock skew: 0 milliseconds.
DEBUG [Filter shouldNotFilter]: URI: /odop/wishlist, shouldSkip: false
2026-02-15T12:38:41.728+05:30  WARN 26728 --- [ODOP] [io-50982-exec-3] com.odop.root.filter.JwtRequestFilter    : Expired JWT received for URI /odop/wishlist: JWT expired at 2026-02-15T01:54:40Z. Current time: 2026-02-15T07:08:41Z, a difference of 18841728 milliseconds.  Allowed clock skew: 0 milliseconds.
DEBUG [Filter shouldNotFilter]: URI: /odop/cart/get_cart_customer_id/b34df9eb-6429-41bd-95df-90d2b286cea3, shouldSkip: false
2026-02-15T12:38:41.763+05:30  WARN 26728 --- [ODOP] [io-50982-exec-7] com.odop.root.filter.JwtRequestFilter    : Expired JWT received for URI /odop/cart/get_cart_customer_id/b34df9eb-6429-41bd-95df-90d2b286cea3: JWT expired at 2026-02-15T01:54:40Z. Current time: 2026-02-15T07:08:41Z, a difference of 18841763 milliseconds.  Allowed clock skew: 0 milliseconds.
DEBUG [Filter shouldNotFilter]: URI: /odop/product/get_product_id/69916e63a7b87168f66e4687, shouldSkip: false
DEBUG [Filter shouldNotFilter]: URI: /odop/product/get_product_id/69916e63a7b87168f66e4687, shouldSkip: false
2026-02-15T12:38:44.875+05:30 DEBUG 26728 --- [ODOP] [io-50982-exec-9] o.s.d.m.r.query.MongoQueryCreator        : Created query Query: { "productId" : "69916e63a7b87168f66e4687"}, Fields: {}, Sort: {}
2026-02-15T12:38:44.875+05:30 DEBUG 26728 --- [ODOP] [io-50982-exec-9] o.s.data.mongodb.core.MongoTemplate      : find using query: { "_id" : { "$oid" : "69916e63a7b87168f66e4687"}} fields: Document{{}} for class: class com.odop.root.models.Products in collection: products
DEBUG [Filter shouldNotFilter]: URI: /odop/review/product/69916e63a7b87168f66e4687/rating, shouldSkip: false
DEBUG [Filter shouldNotFilter]: URI: /odop/wishlist/check/69916e63a7b87168f66e4687, shouldSkip: false
DEBUG [Filter shouldNotFilter]: URI: /odop/review/product/69916e63a7b87168f66e4687, shouldSkip: false
2026-02-15T12:38:44.898+05:30  WARN 26728 --- [ODOP] [io-50982-exec-2] com.odop.root.filter.JwtRequestFilter    : Expired JWT received for URI /odop/review/product/69916e63a7b87168f66e4687/rating: JWT expired at 2026-02-15T01:54:40Z. Current time: 2026-02-15T07:08:44Z, a difference of 18844898 milliseconds.  Allowed clock skew: 0 milliseconds.
2026-02-15T12:38:44.899+05:30  WARN 26728 --- [ODOP] [io-50982-exec-5] com.odop.root.filter.JwtRequestFilter    : Expired JWT received for URI /odop/wishlist/check/69916e63a7b87168f66e4687: JWT expired at 2026-02-15T01:54:40Z. Current time: 2026-02-15T07:08:44Z, a difference of 18844899 milliseconds.  Allowed clock skew: 0 milliseconds.
2026-02-15T12:38:44.899+05:30  WARN 26728 --- [ODOP] [io-50982-exec-1] com.odop.root.filter.JwtRequestFilter    : Expired JWT received for URI /odop/review/product/69916e63a7b87168f66e4687: JWT expired at 2026-02-15T01:54:40Z. Current time: 2026-02-15T07:08:44Z, a difference of 18844899 milliseconds.  Allowed clock skew: 0 milliseconds.
DEBUG [Filter shouldNotFilter]: URI: /odop/review/product/69916e63a7b87168f66e4687/rating, shouldSkip: false
DEBUG [Filter shouldNotFilter]: URI: /odop/review/product/69916e63a7b87168f66e4687, shouldSkip: false
2026-02-15T12:38:44.937+05:30 DEBUG 26728 --- [ODOP] [io-50982-exec-2] o.s.d.m.r.query.MongoQueryCreator        : Created query Query: { "productId" : "69916e63a7b87168f66e4687", "status" : "APPROVED"}, Fields: {}, Sort: {}
2026-02-15T12:38:44.937+05:30 DEBUG 26728 --- [ODOP] [io-50982-exec-2] o.s.data.mongodb.core.MongoTemplate      : find using query: { "productId" : "69916e63a7b87168f66e4687", "status" : "APPROVED"} fields: Document{{}} for class: class com.odop.root.models.Review in collection: reviews
2026-02-15T12:38:44.937+05:30 DEBUG 26728 --- [ODOP] [io-50982-exec-1] o.s.d.m.r.query.MongoQueryCreator        : Created query Query: { "productId" : "69916e63a7b87168f66e4687", "status" : "APPROVED"}, Fields: {}, Sort: {}
2026-02-15T12:38:44.937+05:30 DEBUG 26728 --- [ODOP] [io-50982-exec-1] o.s.data.mongodb.core.MongoTemplate      : find using query: { "productId" : "69916e63a7b87168f66e4687", "status" : "APPROVED"} fields: Document{{}} for class: class com.odop.root.models.Review in collection: reviews
2026-02-15T12:38:44.938+05:30 DEBUG 26728 --- [ODOP] [io-50982-exec-2] o.s.d.m.r.query.MongoQueryCreator        : Created query Query: { "productId" : "69916e63a7b87168f66e4687"}, Fields: {}, Sort: {}
2026-02-15T12:38:44.938+05:30 DEBUG 26728 --- [ODOP] [io-50982-exec-2] o.s.data.mongodb.core.MongoTemplate      : Executing count: { "productId" : "69916e63a7b87168f66e4687"} in collection: reviews
2026-02-15T18:36:42.084+05:30  INFO 26728 --- [ODOP] [MessageBroker-3] o.s.w.s.c.WebSocketMessageBrokerStats    : WebSocketSession[0 current WS(0)-HttpStream(0)-HttpPoll(0), 0 total, 0 closed abnormally (0 connect failure, 0 send limit, 0 transport error)], stompSubProtocol[processed CONNECT(0)-CONNECTED(0)-DISCONNECT(0)], stompBrokerRelay[null], inboundChannel[pool size = 0, active threads = 0, queued tasks = 0, completed tasks = 0], outboundChannel[pool size = 0, active threads = 0, queued tasks = 0, completed tasks = 0], sockJsScheduler[pool size = 4, active threads = 2, queued tasks = 0, completed tasks = 2]
2026-02-15T18:36:42.088+05:30 DEBUG 26728 --- [ODOP] [MessageBroker-1] o.s.d.m.r.query.MongoQueryCreator        : Created query Query: { "expiresAt" : { "$lt" : { "$java" : 2026-02-14T18:36:42.086534600 } } }, Fields: {}, Sort: {}
2026-02-15T18:36:42.089+05:30 DEBUG 26728 --- [ODOP] [MessageBroker-1] o.s.data.mongodb.core.MongoTemplate      : Remove using query: { "expiresAt" : { "$lt" : { "$date" : "2026-02-14T13:06:42.086Z"}}} in collection: otps.
2026-02-15T18:36:42.091+05:30  INFO 26728 --- [ODOP] [MessageBroker-1] com.odop.root.services.OtpService        : Cleaned up expired OTPs older than 24 hours
2026-02-15T18:36:42.091+05:30 DEBUG 26728 --- [ODOP] [MessageBroker-4] o.s.d.m.r.query.MongoQueryCreator        : Created query Query: { "expiresAt" : { "$lt" : { "$java" : 2026-02-14T18:36:42.091485100 } } }, Fields: {}, Sort: {}
2026-02-15T18:36:42.092+05:30 DEBUG 26728 --- [ODOP] [MessageBroker-4] o.s.data.mongodb.core.MongoTemplate      : Remove using query: { "expiresAt" : { "$lt" : { "$date" : "2026-02-14T13:06:42.091Z"}}} in collection: otps.
2026-02-15T18:36:42.093+05:30  INFO 26728 --- [ODOP] [MessageBroker-4] com.odop.root.services.OtpService        : Cleaned up expired OTPs older than 24 hours
2026-02-15T18:36:42.093+05:30 DEBUG 26728 --- [ODOP] [MessageBroker-3] o.s.d.m.r.query.MongoQueryCreator        : Created query Query: { "expiresAt" : { "$lt" : { "$java" : 2026-02-14T18:36:42.093647 } } }, Fields: {}, Sort: {}
2026-02-15T18:36:42.094+05:30 DEBUG 26728 --- [ODOP] [MessageBroker-3] o.s.data.mongodb.core.MongoTemplate      : Remove using query: { "expiresAt" : { "$lt" : { "$date" : "2026-02-14T13:06:42.093Z"}}} in collection: otps.
2026-02-15T18:36:42.095+05:30  INFO 26728 --- [ODOP] [MessageBroker-3] com.odop.root.services.OtpService        : Cleaned up expired OTPs older than 24 hours
2026-02-15T18:36:42.096+05:30 DEBUG 26728 --- [ODOP] [MessageBroker-2] o.s.d.m.r.query.MongoQueryCreator        : Created query Query: { "expiresAt" : { "$lt" : { "$java" : 2026-02-14T18:36:42.095665400 } } }, Fields: {}, Sort: {}
2026-02-15T18:36:42.096+05:30 DEBUG 26728 --- [ODOP] [MessageBroker-2] o.s.data.mongodb.core.MongoTemplate      : Remove using query: { "expiresAt" : { "$lt" : { "$date" : "2026-02-14T13:06:42.095Z"}}} in collection: otps.
2026-02-15T18:36:42.097+05:30  INFO 26728 --- [ODOP] [MessageBroker-2] com.odop.root.services.OtpService        : Cleaned up expired OTPs older than 24 hours
2026-02-15T18:36:42.098+05:30 DEBUG 26728 --- [ODOP] [MessageBroker-2] o.s.d.m.r.query.MongoQueryCreator        : Created query Query: { "expiresAt" : { "$lt" : { "$java" : 2026-02-14T18:36:42.097664200 } } }, Fields: {}, Sort: {}
2026-02-15T18:36:42.098+05:30 DEBUG 26728 --- [ODOP] [MessageBroker-2] o.s.data.mongodb.core.MongoTemplate      : Remove using query: { "expiresAt" : { "$lt" : { "$date" : "2026-02-14T13:06:42.097Z"}}} in collection: otps.
2026-02-15T18:36:42.099+05:30  INFO 26728 --- [ODOP] [MessageBroker-2] com.odop.root.services.OtpService        : Cleaned up expired OTPs older than 24 hours
2026-02-15T18:36:42.100+05:30 DEBUG 26728 --- [ODOP] [MessageBroker-2] o.s.d.m.r.query.MongoQueryCreator        : Created query Query: { "expiresAt" : { "$lt" : { "$java" : 2026-02-14T18:36:42.099662800 } } }, Fields: {}, Sort: {}
2026-02-15T18:36:42.100+05:30 DEBUG 26728 --- [ODOP] [MessageBroker-2] o.s.data.mongodb.core.MongoTemplate      : Remove using query: { "expiresAt" : { "$lt" : { "$date" : "2026-02-14T13:06:42.099Z"}}} in collection: otps.
2026-02-15T18:36:42.101+05:30  INFO 26728 --- [ODOP] [MessageBroker-2] com.odop.root.services.OtpService        : Cleaned up expired OTPs older than 24 hours
2026-02-15T19:06:42.087+05:30  INFO 26728 --- [ODOP] [MessageBroker-6] o.s.w.s.c.WebSocketMessageBrokerStats    : WebSocketSession[0 current WS(0)-HttpStream(0)-HttpPoll(0), 0 total, 0 closed abnormally (0 connect failure, 0 send limit, 0 transport error)], stompSubProtocol[processed CONNECT(0)-CONNECTED(0)-DISCONNECT(0)], stompBrokerRelay[null], inboundChannel[pool size = 0, active threads = 0, queued tasks = 0, completed tasks = 0], outboundChannel[pool size = 0, active threads = 0, queued tasks = 0, completed tasks = 0], sockJsScheduler[pool size = 8, active threads = 1, queued tasks = 1, completed tasks = 9]
2026-02-15T19:23:56.769+05:30 DEBUG 26728 --- [ODOP] [MessageBroker-4] o.s.d.m.r.query.MongoQueryCreator        : Created query Query: { "expiresAt" : { "$lt" : { "$java" : 2026-02-14T19:23:56.767195700 } } }, Fields: {}, Sort: {}
2026-02-15T19:23:56.770+05:30 DEBUG 26728 --- [ODOP] [MessageBroker-4] o.s.data.mongodb.core.MongoTemplate      : Remove using query: { "expiresAt" : { "$lt" : { "$date" : "2026-02-14T13:53:56.767Z"}}} in collection: otps.
2026-02-15T19:23:56.772+05:30  INFO 26728 --- [ODOP] [MessageBroker-4] com.odop.root.services.OtpService        : Cleaned up expired OTPs older than 24 hours
2026-02-15T19:36:42.093+05:30  INFO 26728 --- [ODOP] [MessageBroker-3] o.s.w.s.c.WebSocketMessageBrokerStats    : WebSocketSession[0 current WS(0)-HttpStream(0)-HttpPoll(0), 0 total, 0 closed abnormally (0 connect failure, 0 send limit, 0 transport error)], stompSubProtocol[processed CONNECT(0)-CONNECTED(0)-DISCONNECT(0)], stompBrokerRelay[null], inboundChannel[pool size = 0, active threads = 0, queued tasks = 0, completed tasks = 0], outboundChannel[pool size = 0, active threads = 0, queued tasks = 0, completed tasks = 0], sockJsScheduler[pool size = 8, active threads = 1, queued tasks = 1, completed tasks = 11]
